0;22;Presidente Michel Temer;Michel Temer.;Michel Temer
1;1;PMDB.;PMDB
2;2;Bonini Guedes;Gustavo Bonini Guedes Advogado
3;3;Tribunal Superior
4;4;TSE.;TSE
5;5;Polícia Federal
6;6;Ministério
7;7;PSDB;PSDB.;PSD;SD
8;16;Dilma Roussef;Dilma;Dilma.;Dilma Rousseff;presidente Dilma Rousseff.;presidente Dilma Rousseff;Dilma Rousseff.
9;9;senador;senador José Agripino;senador Aécio Neves
10;10;MG
11;11;inconsistência
12;12;Laudo
13;13;Flávio Caetano
14;14;PF
15;15;MPF;MP
16;16;Dilma Roussef;Dilma;Dilma.;Dilma Rousseff;presidente Dilma Rousseff.;presidente Dilma Rousseff;Dilma Rousseff.
17;17;Petrobras.;Petrobras
19;19;Temer;Temer. Ação;Temer.
20;20;ministro Herman Benjamin;Herman Benjamin
21;21;Defesa
22;22;Presidente Michel Temer;Michel Temer.;Michel Temer
23;23;Presidente Lula;Presidente
25;25;trâmite
27;2;Bonini Guedes;Gustavo Bonini Guedes Advogado
28;28;República Dilma Rousseff;República Dilma Roussef;República
29;22;Presidente Michel Temer;Michel Temer.;Michel Temer
30;30;rádio Itatiaia
31;19;Temer;Temer. Ação;Temer.
32;32;Ensino Médio
33;33;PEC
34;19;Temer;Temer. Ação;Temer.
35;35;prévio
38;38;PEC. PEC
39;39;Itatiaia
44;44;Lava Jato;Lava
45;45;Odebrecht.;Odebrecht
46;46;Câmara;Câmara Legislativa
47;47;Eduardo Cunha.;Eduardo Cunha
49;49;Reforma;Reforma Política
50;50;Congresso.;Congresso
51;51;absorvíveis
52;52;Rio
56;56;Projeto Brasil Futuro;Brasil
57;19;Temer;Temer. Ação;Temer.
58;4;TSE.;TSE
59;59;Folha
60;60;S. Paulo
61;16;Dilma Roussef;Dilma;Dilma.;Dilma Rousseff;presidente Dilma Rousseff.;presidente Dilma Rousseff;Dilma Rousseff.
62;3;Tribunal Superior
63;16;Dilma Roussef;Dilma;Dilma.;Dilma Rousseff;presidente Dilma Rousseff.;presidente Dilma Rousseff;Dilma Rousseff.
64;22;Presidente Michel Temer;Michel Temer.;Michel Temer
66;66;Andrade Gutierrez Otávio Marques;Andrade Gutierrez
69;69;Otávio Azevedo;Otávio Azevedo.
70;70;PT.;PTB;PT;PTN
71;7;PSDB;PSDB.;PSD;SD
79;33;PEC
80;80;Rodrigo;Rodrigo Janot;Rodrigo Maia;Rodrigo Maia.
81;81;RJ
82;46;Câmara;Câmara Legislativa
83;83;Maia
84;182;Casa Civil.;Casa.;Casa;Casa Eduardo Cunha
85;85;Rogério Rosso
86;86;DF
87;87;Waldir Maranhão
88;88;PP;PPI;PP.
89;89;SISTEMA POLÍTICOAnoMedida;MA
90;47;Eduardo Cunha.;Eduardo Cunha
91;1;PMDB.;PMDB
93;93;Tribunal;Tribunal Federal;Tribunal Superior Eleitoral.;Tribunal Superior
94;94;STF
95;95;Cunha
96;5;Polícia Federal
97;97;Jato.
99;99;Palácio do Jaburu;Palácio
100;100;Planalto
101;22;Presidente Michel Temer;Michel Temer.;Michel Temer
103;103;Presidência
104;104;Alexandre Parola;Pará
105;106;GloboNews Gerson Camarotti;Globo;G1
106;106;GloboNews Gerson Camarotti;Globo;G1
107;107;Camarotti
108;19;Temer;Temer. Ação;Temer.
109;109;líder Carlos Sampaio;líder
110;7;PSDB;PSDB.;PSD;SD
116;116;Rosso
118;70;PT.;PTB;PT;PTN
119;159;Jovair;Jovair Arantes
120;120;GO
121;182;Casa Civil.;Casa.;Casa;Casa Eduardo Cunha
124;7;PSDB;PSDB.;PSD;SD
127;127;Antonio Imbassahy
129;129;B;BA
130;109;líder Carlos Sampaio;líder
131;131;SP
132;132;Heráclito;Heráclito Fortes
133;133;PSB
134;134;PPI;PI
139;139;DEM.;DEM
145;145;Comissão
146;146;Constituição
147;147;Justiça;Justiça Militar;Justiça Federal
148;148;CCJ
151;151;Ulysses Guimarães
154;70;PT.;PTB;PT;PTN
156;156;Afonso Florence
159;159;Jovair;Jovair Arantes
164;164;Orlando Silva
169;80;Rodrigo;Rodrigo Janot;Rodrigo Maia;Rodrigo Maia.
171;171;PC;PCdoB
172;172;Rede Seg Gráfica;Rede SEG;Rede
173;173;Miro Teixeira
175;175;PSOL
177;177;Disputa
178;178;Senado Federal.;Senado
182;182;Casa Civil.;Casa.;Casa;Casa Eduardo Cunha
183;183;Eunício Oliveira;Eunício Oliveira.
184;184;CE
185;185;Renan Calheiros
186;186;AL
192;192;Antônio Imbassahy
196;196;Tasso Jereissati
198;198;Ricardo Ferraço
199;199;EESP;ES
200;7;PSDB;PSDB.;PSD;SD
205;16;Dilma Roussef;Dilma;Dilma.;Dilma Rousseff;presidente Dilma Rousseff.;presidente Dilma Rousseff;Dilma Rousseff.
206;183;Eunício Oliveira;Eunício Oliveira.
207;16;Dilma Roussef;Dilma;Dilma.;Dilma Rousseff;presidente Dilma Rousseff.;presidente Dilma Rousseff;Dilma Rousseff.
210;210;Gleisi Hoffmann
211;211;PR;PRB
212;212;Mesa;Mesa Diretora
215;215;Randolfe Rodrigues
216;216;AP
220;46;Câmara;Câmara Legislativa
221;221;Superior Tribunal
222;147;Justiça;Justiça Militar;Justiça Federal
223;147;Justiça;Justiça Militar;Justiça Federal
224;147;Justiça;Justiça Militar;Justiça Federal
225;225;União;União Europeia
226;226;Trabalho
227;227;Distrito Federal
228;93;Tribunal;Tribunal Federal;Tribunal Superior Eleitoral.;Tribunal Superior
229;229;Contas
231;231;TCU.;TCU
233;15;MPF;MP
234;16;Dilma Roussef;Dilma;Dilma.;Dilma Rousseff;presidente Dilma Rousseff.;presidente Dilma Rousseff;Dilma Rousseff.
235;235;Maurício Quintella
236;236;Brasília
237;237;Guarulhos
238;131;SP
239;10;MG
240;240;Galeão
241;81;RJ
242;242;Quintellla
244;244;Infraero.;Infraero
246;22;Presidente Michel Temer;Michel Temer.;Michel Temer
247;244;Infraero.;Infraero
248;19;Temer;Temer. Ação;Temer.
249;16;Dilma Roussef;Dilma;Dilma.;Dilma Rousseff;presidente Dilma Rousseff.;presidente Dilma Rousseff;Dilma Rousseff.
250;250;Florianópolis
251;251;Salvador
252;252;Porto Alegre;Porto AlegreInvestimento Mínimo;Porto Alegre.
254;254;Secretaria
255;255;Aviação
256;256;Moreira Franco;Wellington Moreira Franco
257;257;Tesouro
258;258;Donald Trump
259;103;Presidência
260;260;Unidos.
261;261;dólaresAcompanhe;dólar;dólares
264;264;Reuters.;Reuters;Reuters. Juros
265;22;Presidente Michel Temer;Michel Temer.;Michel Temer
266;16;Dilma Roussef;Dilma;Dilma.;Dilma Rousseff;presidente Dilma Rousseff.;presidente Dilma Rousseff;Dilma Rousseff.
267;93;Tribunal;Tribunal Federal;Tribunal Superior Eleitoral.;Tribunal Superior
268;66;Andrade Gutierrez Otávio Marques;Andrade Gutierrez
269;269;presidente Michel Temer;Michel Temer.;Michel Temer
270;270;Banco Mundial;Banco;Banco Central.
272;272;BC.;ABCR;BC
273;261;dólaresAcompanhe;dólar;dólares
274;274;Trump.;TrumpTrump;Trump
276;276;Corretora
277;277;Ricardo Gomos da Silva
278;264;Reuters.;Reuters;Reuters. Juros
281;281;Cleber Machado
282;282;Chile
284;284;Ilan Goldfajn
285;285;monetária
288;274;Trump.;TrumpTrump;Trump
289;264;Reuters.;Reuters;Reuters. Juros
290;290;EUA
291;274;Trump.;TrumpTrump;Trump
292;293;Federal;Fed;Federação
293;293;Federal;Fed;Federação
295;295;Moody
296;296;Analytics
297;297;Marz Zandi
299;299;G1apontam
302;302;Rafael Cortez
303;303;Consultoria.;Consultoria
307;270;Banco Mundial;Banco;Banco Central.
308;308;Comitê
309;309;Política Monetária
310;310;Copom
311;313;Selic.;Selic
313;313;Selic.;Selic
315;272;BC.;ABCR;BC
317;270;Banco Mundial;Banco;Banco Central.
322;322;FMI
323;270;Banco Mundial;Banco;Banco Central.
325;325;Regra
326;16;Dilma Roussef;Dilma;Dilma.;Dilma Rousseff;presidente Dilma Rousseff.;presidente Dilma Rousseff;Dilma Rousseff.
328;328;Alexandre Tombini
330;56;Projeto Brasil Futuro;Brasil
331;331;Tombini
333;70;PT.;PTB;PT;PTN
334;334;Programa
335;335;Parcerias
336;336;Investimentos;XP Investimentos
337;256;Moreira Franco;Wellington Moreira Franco
338;251;Salvador
339;250;Florianópolis
340;252;Porto Alegre;Porto AlegreInvestimento Mínimo;Porto Alegre.
341;16;Dilma Roussef;Dilma;Dilma.;Dilma Rousseff;presidente Dilma Rousseff.;presidente Dilma Rousseff;Dilma Rousseff.
342;269;presidente Michel Temer;Michel Temer.;Michel Temer
344;16;Dilma Roussef;Dilma;Dilma.;Dilma Rousseff;presidente Dilma Rousseff.;presidente Dilma Rousseff;Dilma Rousseff.
345;345;Ajustes
346;134;PPI;PI
347;347;Tarcísio Freitas
348;348;Ética;Política Regulatória
349;6;Ministério
350;350;Rogério Teixeira Coimbra
352;252;Porto Alegre;Porto AlegreInvestimento Mínimo;Porto Alegre.
353;244;Infraero.;Infraero
354;261;dólaresAcompanhe;dólar;dólares
355;258;Donald Trump
356;270;Banco Mundial;Banco;Banco Central.
358;274;Trump.;TrumpTrump;Trump
360;264;Reuters.;Reuters;Reuters. Juros
362;261;dólaresAcompanhe;dólar;dólares
363;272;BC.;ABCR;BC
364;261;dólaresAcompanhe;dólar;dólares
366;269;presidente Michel Temer;Michel Temer.;Michel Temer
367;16;Dilma Roussef;Dilma;Dilma.;Dilma Rousseff;presidente Dilma Rousseff.;presidente Dilma Rousseff;Dilma Rousseff.
368;93;Tribunal;Tribunal Federal;Tribunal Superior Eleitoral.;Tribunal Superior
369;66;Andrade Gutierrez Otávio Marques;Andrade Gutierrez
370;269;presidente Michel Temer;Michel Temer.;Michel Temer
373;272;BC.;ABCR;BC
375;274;Trump.;TrumpTrump;Trump
377;276;Corretora
378;277;Ricardo Gomos da Silva
379;264;Reuters.;Reuters;Reuters. Juros
382;282;Chile
384;284;Ilan Goldfajn
385;285;monetária
388;274;Trump.;TrumpTrump;Trump
389;264;Reuters.;Reuters;Reuters. Juros
390;290;EUA
392;293;Federal;Fed;Federação
393;293;Federal;Fed;Federação
395;295;Moody
396;296;Analytics
397;297;Marz Zandi
399;299;G1apontam
402;302;Rafael Cortez
403;303;Consultoria.;Consultoria
407;178;Senado Federal.;Senado
408;93;Tribunal;Tribunal Federal;Tribunal Superior Eleitoral.;Tribunal Superior
409;409;Corte
410;16;Dilma Roussef;Dilma;Dilma.;Dilma Rousseff;presidente Dilma Rousseff.;presidente Dilma Rousseff;Dilma Rousseff.
411;50;Congresso.;Congresso
412;146;Constituição
413;413;Teori Zavascki
415;16;Dilma Roussef;Dilma;Dilma.;Dilma Rousseff;presidente Dilma Rousseff.;presidente Dilma Rousseff;Dilma Rousseff.
419;28;República Dilma Rousseff;República Dilma Roussef;República
420;80;Rodrigo;Rodrigo Janot;Rodrigo Maia;Rodrigo Maia.
423;269;presidente Michel Temer;Michel Temer.;Michel Temer
425;425;Fidel Castro.;Fidel Castro;Fidel
426;426;Santiago
427;427;Cuba Fidel Castro;Cubadebate;Cuba
428;428;Revolução Cubana.
429;429;Raul Castro
430;425;Fidel Castro.;Fidel Castro;Fidel
431;431;Venezuela
432;432;Nicolás Maduro
433;56;Projeto Brasil Futuro;Brasil
434;434;Lula;Luiz Inácio Lula da Silva;Presidente Luiz Inácio Lula da Silva;presidente Luiz Inácio Lula da Silva;Lula.
435;16;Dilma Roussef;Dilma;Dilma.;Dilma Rousseff;presidente Dilma Rousseff.;presidente Dilma Rousseff;Dilma Rousseff.
436;436;Jorge Pontual
437;16;Dilma Roussef;Dilma;Dilma.;Dilma Rousseff;presidente Dilma Rousseff.;presidente Dilma Rousseff;Dilma Rousseff.
438;252;Porto Alegre;Porto AlegreInvestimento Mínimo;Porto Alegre.
439;439;Belo Horizonte
440;16;Dilma Roussef;Dilma;Dilma.;Dilma Rousseff;presidente Dilma Rousseff.;presidente Dilma Rousseff;Dilma Rousseff.
441;446;Zona;Zona Sul
442;442;gaúcha
443;443;Brigada Militar
445;445;Niwton Carpes da Silva
446;446;Zona;Zona Sul
447;447;cidadã
449;449;ministro Miguel Rosseto
450;450;Henrique Fontana
452;70;PT.;PTB;PT;PTN
453;453;Raul Pont;Raul
454;454;Marchezan
455;7;PSDB;PSDB.;PSD;SD
456;456;Sebastião Melo
457;1;PMDB.;PMDB
459;46;Câmara;Câmara Legislativa
460;460;Joaquim Passarinho
461;461;PA
462;6;Ministério
463;15;MPF;MP
464;466;Passarinho.;Passarinho
465;465;quórum
466;466;Passarinho.;Passarinho
467;28;República Dilma Rousseff;República Dilma Roussef;República
468;468;Estado Democrático;Estado
469;93;Tribunal;Tribunal Federal;Tribunal Superior Eleitoral.;Tribunal Superior
470;94;STF
471;16;Dilma Roussef;Dilma;Dilma.;Dilma Rousseff;presidente Dilma Rousseff.;presidente Dilma Rousseff;Dilma Rousseff.
472;50;Congresso.;Congresso
473;473;Onyx Lorenzoni;Onyx;Onyx Lorenzoni.
474;474;RS
476;476;polêmica
478;97;Jato.
480;480;esboço
484;473;Onyx Lorenzoni;Onyx;Onyx Lorenzoni.
487;28;República Dilma Rousseff;República Dilma Roussef;República
488;269;presidente Michel Temer;Michel Temer.;Michel Temer
489;254;Secretaria
490;490;Imprensa
491;103;Presidência
492;492;Diário
493;225;União;União Europeia
494;16;Dilma Roussef;Dilma;Dilma.;Dilma Rousseff;presidente Dilma Rousseff.;presidente Dilma Rousseff;Dilma Rousseff.
495;97;Jato.
496;240;Galeão
497;52;Rio
498;45;Odebrecht.;Odebrecht
499;17;Petrobras.;Petrobras
501;15;MPF;MP
503;503;término
504;244;Infraero.;Infraero
505;250;Florianópolis
506;251;Salvador
507;252;Porto Alegre;Porto AlegreInvestimento Mínimo;Porto Alegre.
509;509;presidente Fernando Henrique Cardoso;presidente Fernando Henrique
510;50;Congresso.;Congresso
513;19;Temer;Temer. Ação;Temer.
514;99;Palácio do Jaburu;Palácio
515;100;Planalto
517;255;Aviação
518;256;Moreira Franco;Wellington Moreira Franco
519;1;PMDB.;PMDB
520;334;Programa
521;335;Parcerias
522;336;Investimentos;XP Investimentos
523;6;Ministério
524;293;Federal;Fed;Federação
525;147;Justiça;Justiça Militar;Justiça Federal
526;434;Lula;Luiz Inácio Lula da Silva;Presidente Luiz Inácio Lula da Silva;presidente Luiz Inácio Lula da Silva;Lula.
527;527;Luis Cláudio Lula da Silva;Lula
528;528;Zelotes.;Zelotes
529;529;Gripen
530;530;FAB
532;548;Luís Cláudio Lula da Silva;Luís Cláudio
533;533;Mauro Marcondes;Marcondes
534;534;Cristina Mautoni.;Cristina Mautoni
535;527;Luis Cláudio Lula da Silva;Lula
536;28;República Dilma Rousseff;República Dilma Roussef;República
537;16;Dilma Roussef;Dilma;Dilma.;Dilma Rousseff;presidente Dilma Rousseff.;presidente Dilma Rousseff;Dilma Rousseff.
538;538;MMC
539;539;Caoa
540;540;Saab
541;533;Mauro Marcondes;Marcondes
542;542;Mautoni;Mautoni Empreendimentos
543;543;Diplomacia LTDA
545;534;Cristina Mautoni.;Cristina Mautoni
547;528;Zelotes.;Zelotes
548;548;Luís Cláudio Lula da Silva;Luís Cláudio
551;147;Justiça;Justiça Militar;Justiça Federal
552;236;Brasília
554;554;Vallisney Oliveira.
556;93;Tribunal;Tribunal Federal;Tribunal Superior Eleitoral.;Tribunal Superior
559;559;Paraná
560;560;pré;presidente Lula
562;562;Luis Claudio;Luis Claudio Lula da Silva
564;542;Mautoni;Mautoni Empreendimentos
565;565;Instituto Lula
571;571;Jornal
575;28;República Dilma Rousseff;República Dilma Roussef;República
576;269;presidente Michel Temer;Michel Temer.;Michel Temer
577;236;Brasília
578;56;Projeto Brasil Futuro;Brasil
579;19;Temer;Temer. Ação;Temer.
581;56;Projeto Brasil Futuro;Brasil
584;16;Dilma Roussef;Dilma;Dilma.;Dilma Rousseff;presidente Dilma Rousseff.;presidente Dilma Rousseff;Dilma Rousseff.
585;585;Executivo;Ex;Executivo Federal
587;587;Nova York.
588;588;País
589;19;Temer;Temer. Ação;Temer.
590;16;Dilma Roussef;Dilma;Dilma.;Dilma Rousseff;presidente Dilma Rousseff.;presidente Dilma Rousseff;Dilma Rousseff.
592;592;Portugal
593;593;Judiciário;Poder Judiciário
594;594;vídeo
596;596;déficit
597;597;Proposta
598;598;Emenda
599;33;PEC
600;225;União;União Europeia
602;602;Centrão
603;46;Câmara;Câmara Legislativa
604;80;Rodrigo;Rodrigo Janot;Rodrigo Maia;Rodrigo Maia.
605;81;RJ
606;16;Dilma Roussef;Dilma;Dilma.;Dilma Rousseff;presidente Dilma Rousseff.;presidente Dilma Rousseff;Dilma Rousseff.
607;159;Jovair;Jovair Arantes
608;70;PT.;PTB;PT;PTN
609;120;GO
610;85;Rogério Rosso
611;86;DF
612;182;Casa Civil.;Casa.;Casa;Casa Eduardo Cunha
613;47;Eduardo Cunha.;Eduardo Cunha
614;1;PMDB.;PMDB
616;88;PP;PPI;PP.
617;211;PR;PRB
618;7;PSDB;PSDB.;PSD;SD
620;620;PROS
621;621;PSC;PSC.
622;7;PSDB;PSDB.;PSD;SD
623;211;PR;PRB
624;624;PEN
625;70;PT.;PTB;PT;PTN
626;626;PHS
627;627;PSL
630;159;Jovair;Jovair Arantes
631;116;Rosso
633;16;Dilma Roussef;Dilma;Dilma.;Dilma Rousseff;presidente Dilma Rousseff.;presidente Dilma Rousseff;Dilma Rousseff.
635;109;líder Carlos Sampaio;líder
640;560;pré;presidente Lula
644;585;Executivo;Ex;Executivo Federal
645;227;Distrito Federal
648;178;Senado Federal.;Senado
661;83;Maia
669;145;Comissão
670;146;Constituição
671;147;Justiça;Justiça Militar;Justiça Federal
672;148;CCJ
675;675;Rubens Pereira Júnior;Rubens Pereira
676;89;SISTEMA POLÍTICOAnoMedida;MA
679;675;Rubens Pereira Júnior;Rubens Pereira
690;139;DEM.;DEM
693;70;PT.;PTB;PT;PTN
694;129;B;BA
695;695;Luis Tibé
696;10;MG
699;80;Rodrigo;Rodrigo Janot;Rodrigo Maia;Rodrigo Maia.
705;705;Márcio Marinho
706;129;B;BA
712;712;Marinho
714;212;Mesa;Mesa Diretora
716;716;Beto Mansur
717;131;SP
720;212;Mesa;Mesa Diretora
727;727;Aguinaldo Ribeiro
728;728;PB
731;731;André Figueiredo
732;732;PDT
733;184;CE
736;269;presidente Michel Temer;Michel Temer.;Michel Temer
738;171;PC;PCdoB
740;172;Rede Seg Gráfica;Rede SEG;Rede
741;175;PSOL
744;744;Eduardo Paes Saboia
745;9;senador;senador José Agripino;senador Aécio Neves
746;746;Roger Pinto Molina
747;56;Projeto Brasil Futuro;Brasil
748;269;presidente Michel Temer;Michel Temer.;Michel Temer
749;492;Diário
750;225;União;União Europeia
751;751;Saboia
752;752;Classe
753;19;Temer;Temer. Ação;Temer.
754;103;Presidência
755;28;República Dilma Rousseff;República Dilma Roussef;República
756;104;Alexandre Parola;Pará
759;6;Ministério
760;760;Eduardo Saboia
761;761;Antonio Patriota
764;764;La Paz
765;765;embaixador Marcelo Biato
766;766;Bolívia
768;768;Evo Morales
771;771;Molina
774;774;Corumbá
775;775;MS
776;198;Ricardo Ferraço
777;7;PSDB;PSDB.;PSD;SD
778;199;EESP;ES
779;236;Brasília
784;308;Comitê
785;785;Conare
787;147;Justiça;Justiça Militar;Justiça Federal
791;254;Secretaria
792;468;Estado Democrático;Estado
793;793;Itamaraty
796;16;Dilma Roussef;Dilma;Dilma.;Dilma Rousseff;presidente Dilma Rousseff.;presidente Dilma Rousseff;Dilma Rousseff.
800;178;Senado Federal.;Senado
801;46;Câmara;Câmara Legislativa
802;80;Rodrigo;Rodrigo Janot;Rodrigo Maia;Rodrigo Maia.
803;81;RJ
804;182;Casa Civil.;Casa.;Casa;Casa Eduardo Cunha
805;6;Ministério
806;473;Onyx Lorenzoni;Onyx;Onyx Lorenzoni.
807;474;RS
808;808;gaúcho
809;473;Onyx Lorenzoni;Onyx;Onyx Lorenzoni.
810;83;Maia
811;473;Onyx Lorenzoni;Onyx;Onyx Lorenzoni.
812;93;Tribunal;Tribunal Federal;Tribunal Superior Eleitoral.;Tribunal Superior
813;94;STF
814;28;República Dilma Rousseff;República Dilma Roussef;República
815;468;Estado Democrático;Estado
816;16;Dilma Roussef;Dilma;Dilma.;Dilma Rousseff;presidente Dilma Rousseff.;presidente Dilma Rousseff;Dilma Rousseff.
817;103;Presidência
818;178;Senado Federal.;Senado
819;139;DEM.;DEM
820;820;Força Aérea Brasileira;área
821;821;Lorenzoni
822;15;MPF;MP
827;827;Pacote anticorrupção
829;109;líder Carlos Sampaio;líder
830;172;Rede Seg Gráfica;Rede SEG;Rede
831;831;Alessandro Molon
833;50;Congresso.;Congresso
834;834;Justiça Eleitoral.;Justiça;Justiça Federal
836;836;Acordo
837;837;leniência
841;97;Jato.
842;476;polêmica
845;845;André Moura
846;621;PSC;PSC.
847;44;Lava Jato;Lava
848;848;Carlos Fernando;Carlos
849;849;Lima
852;852;Moura
854;854;Planejamento
855;855;Oliveira;Dyogo Oliveira
856;16;Dilma Roussef;Dilma;Dilma.;Dilma Rousseff;presidente Dilma Rousseff.;presidente Dilma Rousseff;Dilma Rousseff.
857;855;Oliveira;Dyogo Oliveira
858;334;Programa
859;335;Parcerias
860;336;Investimentos;XP Investimentos
861;6;Ministério
862;182;Casa Civil.;Casa.;Casa;Casa Eduardo Cunha
863;235;Maurício Quintella
864;88;PP;PPI;PP.
865;865;Crescer
866;104;Alexandre Parola;Pará
867;52;Rio
868;868;Rondônia
869;261;dólaresAcompanhe;dólar;dólares
870;258;Donald Trump
871;56;Projeto Brasil Futuro;Brasil
872;264;Reuters.;Reuters;Reuters. Juros
876;272;BC.;ABCR;BC
877;261;dólaresAcompanhe;dólar;dólares
879;274;Trump.;TrumpTrump;Trump
880;880;Casa Branca
881;293;Federal;Fed;Federação
884;264;Reuters.;Reuters;Reuters. Juros
886;270;Banco Mundial;Banco;Banco Central.
888;284;Ilan Goldfajn
900;900;Mirae
901;901;Olavo Souza.
902;16;Dilma Roussef;Dilma;Dilma.;Dilma Rousseff;presidente Dilma Rousseff.;presidente Dilma Rousseff;Dilma Rousseff.
903;269;presidente Michel Temer;Michel Temer.;Michel Temer
904;5;Polícia Federal
905;16;Dilma Roussef;Dilma;Dilma.;Dilma Rousseff;presidente Dilma Rousseff.;presidente Dilma Rousseff;Dilma Rousseff.
906;13;Flávio Caetano
907;20;ministro Herman Benjamin;Herman Benjamin
908;93;Tribunal;Tribunal Federal;Tribunal Superior Eleitoral.;Tribunal Superior
909;593;Judiciário;Poder Judiciário
910;952;Caetano;11º ano;CaetanoAdvogado
911;911;Gustavo Guedes
912;1;PMDB.;PMDB
913;913;Nordeste
914;19;Temer;Temer. Ação;Temer.
915;93;Tribunal;Tribunal Federal;Tribunal Superior Eleitoral.;Tribunal Superior
916;14;PF
917;4;TSE.;TSE
918;7;PSDB;PSDB.;PSD;SD
919;17;Petrobras.;Petrobras
924;924;Aécio Neves;Aécio Neves.;senador Aécio Neves
926;10;MG
929;16;Dilma Roussef;Dilma;Dilma.;Dilma Rousseff;presidente Dilma Rousseff.;presidente Dilma Rousseff;Dilma Rousseff.
930;468;Estado Democrático;Estado
931;931;Direito
932;834;Justiça Eleitoral.;Justiça;Justiça Federal
935;490;Imprensa
936;936;Ministro Herman Benjamin
940;940;José Serra
943;593;Judiciário;Poder Judiciário
946;946;Sr. Otavio Azevedo
952;952;Caetano;11º ano;CaetanoAdvogado
954;93;Tribunal;Tribunal Federal;Tribunal Superior Eleitoral.;Tribunal Superior
955;16;Dilma Roussef;Dilma;Dilma.;Dilma Rousseff;presidente Dilma Rousseff.;presidente Dilma Rousseff;Dilma Rousseff.
956;269;presidente Michel Temer;Michel Temer.;Michel Temer
957;20;ministro Herman Benjamin;Herman Benjamin
958;409;Corte
959;959;Benjamin
960;16;Dilma Roussef;Dilma;Dilma.;Dilma Rousseff;presidente Dilma Rousseff.;presidente Dilma Rousseff;Dilma Rousseff.
961;4;TSE.;TSE
963;19;Temer;Temer. Ação;Temer.
964;50;Congresso.;Congresso
968;5;Polícia Federal
969;269;presidente Michel Temer;Michel Temer.;Michel Temer
970;19;Temer;Temer. Ação;Temer.
971;16;Dilma Roussef;Dilma;Dilma.;Dilma Rousseff;presidente Dilma Rousseff.;presidente Dilma Rousseff;Dilma Rousseff.
972;19;Temer;Temer. Ação;Temer.
973;973;São Paulo
974;974;Santa Catarina;Santa Catarina.
975;16;Dilma Roussef;Dilma;Dilma.;Dilma Rousseff;presidente Dilma Rousseff.;presidente Dilma Rousseff;Dilma Rousseff.
977;4;TSE.;TSE
978;93;Tribunal;Tribunal Federal;Tribunal Superior Eleitoral.;Tribunal Superior
979;20;ministro Herman Benjamin;Herman Benjamin
981;7;PSDB;PSDB.;PSD;SD
982;70;PT.;PTB;PT;PTN
983;1;PMDB.;PMDB
985;28;República Dilma Rousseff;República Dilma Roussef;República
986;427;Cuba Fidel Castro;Cubadebate;Cuba
987;987;Havana;Havana.
988;425;Fidel Castro.;Fidel Castro;Fidel
989;236;Brasília
990;990;Raúl Castro
991;991;TV
993;993;América
994;16;Dilma Roussef;Dilma;Dilma.;Dilma Rousseff;presidente Dilma Rousseff.;presidente Dilma Rousseff;Dilma Rousseff.
995;995;ícone
997;997;Hasta
999;999;Bertolt Brecht. Encontros
1000;16;Dilma Roussef;Dilma;Dilma.;Dilma Rousseff;presidente Dilma Rousseff.;presidente Dilma Rousseff;Dilma Rousseff.
1001;109;líder Carlos Sampaio;líder
1002;425;Fidel Castro.;Fidel Castro;Fidel
1003;987;Havana;Havana.
1007;1007;Mariel
1009;45;Odebrecht.;Odebrecht
1010;270;Banco Mundial;Banco;Banco Central.
1014;1014;Barack Obama.
1015;1015;Mesmo
1016;427;Cuba Fidel Castro;Cubadebate;Cuba
1017;1017;Caribe
1020;427;Cuba Fidel Castro;Cubadebate;Cuba
1022;16;Dilma Roussef;Dilma;Dilma.;Dilma Rousseff;presidente Dilma Rousseff.;presidente Dilma Rousseff;Dilma Rousseff.
1028;1028;Castro
1030;453;Raul Pont;Raul
1034;1034;Hay
1037;1037;años
1038;1038;Bertold Brecht
1039;56;Projeto Brasil Futuro;Brasil
1040;425;Fidel Castro.;Fidel Castro;Fidel
1041;269;presidente Michel Temer;Michel Temer.;Michel Temer
1043;425;Fidel Castro.;Fidel Castro;Fidel
1044;427;Cuba Fidel Castro;Cubadebate;Cuba
1045;178;Senado Federal.;Senado
1046;185;Renan Calheiros
1047;425;Fidel Castro.;Fidel Castro;Fidel
1048;70;PT.;PTB;PT;PTN
1051;1051;senador Humberto Costa.
1052;7;PSDB;PSDB.;PSD;SD
1054;109;líder Carlos Sampaio;líder
1055;924;Aécio Neves;Aécio Neves.;senador Aécio Neves
1057;236;Brasília
1058;527;Luis Cláudio Lula da Silva;Lula
1059;560;pré;presidente Lula
1060;16;Dilma Roussef;Dilma;Dilma.;Dilma Rousseff;presidente Dilma Rousseff.;presidente Dilma Rousseff;Dilma Rousseff.
1062;1062;presidente José Sarney
1064;509;presidente Fernando Henrique Cardoso;presidente Fernando Henrique
1066;940;José Serra
1068;1068;Ele
1069;236;Brasília
1070;44;Lava Jato;Lava
1071;28;República Dilma Rousseff;República Dilma Roussef;República
1072;56;Projeto Brasil Futuro;Brasil
1073;16;Dilma Roussef;Dilma;Dilma.;Dilma Rousseff;presidente Dilma Rousseff.;presidente Dilma Rousseff;Dilma Rousseff.
1074;16;Dilma Roussef;Dilma;Dilma.;Dilma Rousseff;presidente Dilma Rousseff.;presidente Dilma Rousseff;Dilma Rousseff.
1075;434;Lula;Luiz Inácio Lula da Silva;Presidente Luiz Inácio Lula da Silva;presidente Luiz Inácio Lula da Silva;Lula.
1076;182;Casa Civil.;Casa.;Casa;Casa Eduardo Cunha
1077;834;Justiça Eleitoral.;Justiça;Justiça Federal
1078;1099;Curitiba;Curitiba.
1079;434;Lula;Luiz Inácio Lula da Silva;Presidente Luiz Inácio Lula da Silva;presidente Luiz Inácio Lula da Silva;Lula.
1080;5;Polícia Federal
1081;434;Lula;Luiz Inácio Lula da Silva;Presidente Luiz Inácio Lula da Silva;presidente Luiz Inácio Lula da Silva;Lula.
1082;1082;São Bernardo do Campo
1084;560;pré;presidente Lula
1085;1085;Marisa Letícia
1086;1086;Guarujá
1087;1087;Atibaia
1089;1089;dona Marisa.
1091;178;Senado Federal.;Senado
1095;269;presidente Michel Temer;Michel Temer.;Michel Temer
1098;269;presidente Michel Temer;Michel Temer.;Michel Temer
1099;1099;Curitiba;Curitiba.
1102;1102;João Santana;João
1103;1106;Monica;Monica Moura
1105;1102;João Santana;João
1106;1106;Monica;Monica Moura
1107;47;Eduardo Cunha.;Eduardo Cunha
1108;97;Jato.
1109;1109;Transpetro
1110;45;Odebrecht.;Odebrecht
1112;940;José Serra
1113;1113;Geraldo Alckmin.
1114;1114;Cláudio Melo Filho.;Cláudio Melo;Cláudio;Odebrecht Cláudio Melo Filho;Cláudio Melo Filho
1116;99;Palácio do Jaburu;Palácio
1117;1117;Marcelo;Marcelo Odebrecht.;Marcelo Odebrecht
1118;269;presidente Michel Temer;Michel Temer.;Michel Temer
1119;1119;Eliseu Padilha
1120;182;Casa Civil.;Casa.;Casa;Casa Eduardo Cunha
1121;185;Renan Calheiros
1122;183;Eunício Oliveira;Eunício Oliveira.
1123;1;PMDB.;PMDB
1124;178;Senado Federal.;Senado
1126;52;Rio
1127;1127;Garotinho
1128;1128;Sérgio Cabral
1129;17;Petrobras.;Petrobras
1132;16;Dilma Roussef;Dilma;Dilma.;Dilma Rousseff;presidente Dilma Rousseff.;presidente Dilma Rousseff;Dilma Rousseff.
1133;269;presidente Michel Temer;Michel Temer.;Michel Temer
1134;5;Polícia Federal
1135;1136;Tribunal;Tribunal Regional;Tribunal Superior
1136;1136;Tribunal;Tribunal Regional;Tribunal Superior
1137;973;São Paulo
1139;4;TSE.;TSE
1140;14;PF
1141;172;Rede Seg Gráfica;Rede SEG;Rede
1142;1142;Focal
1143;1143;VTPB
1146;6;Ministério
1147;20;ministro Herman Benjamin;Herman Benjamin
1152;974;Santa Catarina;Santa Catarina.
1153;1153;Maceió
1156;1136;Tribunal;Tribunal Regional;Tribunal Superior
1157;19;Temer;Temer. Ação;Temer.
1159;7;PSDB;PSDB.;PSD;SD
1160;70;PT.;PTB;PT;PTN
1161;1;PMDB.;PMDB
1162;16;Dilma Roussef;Dilma;Dilma.;Dilma Rousseff;presidente Dilma Rousseff.;presidente Dilma Rousseff;Dilma Rousseff.
1163;19;Temer;Temer. Ação;Temer.
1165;834;Justiça Eleitoral.;Justiça;Justiça Federal
1168;293;Federal;Fed;Federação
1169;571;Jornal
1172;560;pré;presidente Lula
1173;6;Ministério
1175;293;Federal;Fed;Federação
1176;44;Lava Jato;Lava
1177;529;Gripen
1178;530;FAB
1179;434;Lula;Luiz Inácio Lula da Silva;Presidente Luiz Inácio Lula da Silva;presidente Luiz Inácio Lula da Silva;Lula.
1180;28;República Dilma Rousseff;República Dilma Roussef;República
1181;16;Dilma Roussef;Dilma;Dilma.;Dilma Rousseff;presidente Dilma Rousseff.;presidente Dilma Rousseff;Dilma Rousseff.
1182;538;MMC
1183;1183;Grupo
1184;540;Saab
1185;533;Mauro Marcondes;Marcondes
1186;542;Mautoni;Mautoni Empreendimentos
1187;1187;Diplomacia Limitada
1188;533;Mauro Marcondes;Marcondes
1189;534;Cristina Mautoni.;Cristina Mautoni
1190;434;Lula;Luiz Inácio Lula da Silva;Presidente Luiz Inácio Lula da Silva;presidente Luiz Inácio Lula da Silva;Lula.
1193;548;Luís Cláudio Lula da Silva;Luís Cláudio
1195;548;Luís Cláudio Lula da Silva;Luís Cláudio
1199;16;Dilma Roussef;Dilma;Dilma.;Dilma Rousseff;presidente Dilma Rousseff.;presidente Dilma Rousseff;Dilma Rousseff.
1200;834;Justiça Eleitoral.;Justiça;Justiça Federal
1202;93;Tribunal;Tribunal Federal;Tribunal Superior Eleitoral.;Tribunal Superior
1204;236;Brasília
1205;559;Paraná
1208;1208;Luiz Claudio
1210;542;Mautoni;Mautoni Empreendimentos
1211;565;Instituto Lula
1218;571;Jornal
1219;106;GloboNews Gerson Camarotti;Globo;G1
1220;539;Caoa
1222;1222;Bahia
1223;182;Casa Civil.;Casa.;Casa;Casa Eduardo Cunha
1224;16;Dilma Roussef;Dilma;Dilma.;Dilma Rousseff;presidente Dilma Rousseff.;presidente Dilma Rousseff;Dilma Rousseff.
1225;1225;ministro Jaques Wagner;Jaques Wagner
1226;70;PT.;PTB;PT;PTN
1227;80;Rodrigo;Rodrigo Janot;Rodrigo Maia;Rodrigo Maia.
1228;1228;Democratas;Democratas.
1229;46;Câmara;Câmara Legislativa
1230;45;Odebrecht.;Odebrecht
1231;1231;diretor
1232;1114;Cláudio Melo Filho.;Cláudio Melo;Cláudio;Odebrecht Cláudio Melo Filho;Cláudio Melo Filho
1234;16;Dilma Roussef;Dilma;Dilma.;Dilma Rousseff;presidente Dilma Rousseff.;presidente Dilma Rousseff;Dilma Rousseff.
1237;1254;Jacques Wagner;Jacques
1239;1117;Marcelo;Marcelo Odebrecht.;Marcelo Odebrecht
1240;236;Brasília
1242;1117;Marcelo;Marcelo Odebrecht.;Marcelo Odebrecht
1243;1270;Claudio Melo;Claudio
1244;1244;Wagner
1245;1245;petroquímico
1246;1246;Camaçari
1248;1114;Cláudio Melo Filho.;Cláudio Melo;Cláudio;Odebrecht Cláudio Melo Filho;Cláudio Melo Filho
1250;45;Odebrecht.;Odebrecht
1253;1114;Cláudio Melo Filho.;Cláudio Melo;Cláudio;Odebrecht Cláudio Melo Filho;Cláudio Melo Filho
1254;1254;Jacques Wagner;Jacques
1255;1255;Rui Costa
1268;15;MPF;MP
1269;52;Rio
1270;1270;Claudio Melo;Claudio
1271;83;Maia
1276;1276;Botafogo
1277;1277;Marco Maia
1285;1285;Gremista
1287;9;senador;senador José Agripino;senador Aécio Neves
1288;1228;Democratas;Democratas.
1292;924;Aécio Neves;Aécio Neves.;senador Aécio Neves
1293;139;DEM.;DEM
1294;1301;José Agripino;José Agripino.;Agripino
1296;1301;José Agripino;José Agripino.;Agripino
1298;1298;Minas
1299;1299;Energia
1301;1301;José Agripino;José Agripino.;Agripino
1303;1303;Gripado
1306;1306;Anderson;Anderson Dornelles
1308;1117;Marcelo;Marcelo Odebrecht.;Marcelo Odebrecht
1309;1306;Anderson;Anderson Dornelles
1310;99;Palácio do Jaburu;Palácio
1311;100;Planalto
1312;16;Dilma Roussef;Dilma;Dilma.;Dilma Rousseff;presidente Dilma Rousseff.;presidente Dilma Rousseff;Dilma Rousseff.
1318;1318;Vegas
1320;1372;senador Ciro Nogueira;senador;senador Delcídio
1321;88;PP;PPI;PP.
1322;1322;Piauí
1323;1372;senador Ciro Nogueira;senador;senador Delcídio
1324;1324;Helicóptero
1326;1114;Cláudio Melo Filho.;Cláudio Melo;Cláudio;Odebrecht Cláudio Melo Filho;Cláudio Melo Filho
1328;88;PP;PPI;PP.
1330;251;Salvador
1331;1331;Lúcio Vieira Lima
1332;1;PMDB.;PMDB
1335;109;líder Carlos Sampaio;líder
1337;132;Heráclito;Heráclito Fortes
1338;133;PSB
1340;1340;Boca Mole
1341;132;Heráclito;Heráclito Fortes
1345;1345;Amaral
1346;1346;Ferrari
1348;1348;Francisco Dornelles
1349;1349;Progressista
1350;1350;Velhinho
1359;4;TSE.;TSE
1362;1114;Cláudio Melo Filho.;Cláudio Melo;Cláudio;Odebrecht Cláudio Melo Filho;Cláudio Melo Filho
1368;834;Justiça Eleitoral.;Justiça;Justiça Federal
1371;834;Justiça Eleitoral.;Justiça;Justiça Federal
1372;1372;senador Ciro Nogueira;senador;senador Delcídio
1374;7;PSDB;PSDB.;PSD;SD
1375;9;senador;senador José Agripino;senador Aécio Neves
1382;1225;ministro Jaques Wagner;Jaques Wagner
1387;571;Jornal
1388;6;Ministério
1389;293;Federal;Fed;Federação
1390;236;Brasília
1391;15;MPF;MP
1392;86;DF
1393;834;Justiça Eleitoral.;Justiça;Justiça Federal
1394;1394;República Luiz Inácio Lula da Silva;República
1395;1395;Luiz Cláudio Lula da Silva
1396;528;Zelotes.;Zelotes
1398;533;Mauro Marcondes;Marcondes
1399;534;Cristina Mautoni.;Cristina Mautoni
1400;529;Gripen
1402;1536;Lula;Lula. Cristiano Zanin Martins
1404;1404;BNDES
1405;45;Odebrecht.;Odebrecht
1408;1408;Nestor Cerveró
1409;559;Paraná
1410;1410;Sérgio Moro
1411;1086;Guarujá
1412;131;SP
1413;1413;OAS
1414;93;Tribunal;Tribunal Federal;Tribunal Superior Eleitoral.;Tribunal Superior
1415;94;STF
1416;70;PT.;PTB;PT;PTN
1418;16;Dilma Roussef;Dilma;Dilma.;Dilma Rousseff;presidente Dilma Rousseff.;presidente Dilma Rousseff;Dilma Rousseff.
1419;182;Casa Civil.;Casa.;Casa;Casa Eduardo Cunha
1421;44;Lava Jato;Lava
1425;1087;Atibaia
1431;1431;Roberto Podval
1432;560;pré;presidente Lula
1434;540;Saab
1435;56;Projeto Brasil Futuro;Brasil
1439;533;Mauro Marcondes;Marcondes
1440;542;Mautoni;Mautoni Empreendimentos
1441;543;Diplomacia LTDA
1444;434;Lula;Luiz Inácio Lula da Silva;Presidente Luiz Inácio Lula da Silva;presidente Luiz Inácio Lula da Silva;Lula.
1445;527;Luis Cláudio Lula da Silva;Lula
1452;28;República Dilma Rousseff;República Dilma Roussef;República
1453;16;Dilma Roussef;Dilma;Dilma.;Dilma Rousseff;presidente Dilma Rousseff.;presidente Dilma Rousseff;Dilma Rousseff.
1457;820;Força Aérea Brasileira;área
1458;530;FAB
1459;1459;Boeing
1461;16;Dilma Roussef;Dilma;Dilma.;Dilma Rousseff;presidente Dilma Rousseff.;presidente Dilma Rousseff;Dilma Rousseff.
1462;1462;Dassault
1464;1464;técnico
1466;1466;SAAB
1477;109;líder Carlos Sampaio;líder
1478;1478;Sindical Democrata
1479;1479;Suécia
1480;1480;Stefan Lofven
1482;565;Instituto Lula
1483;1483;Lofven
1485;1485;Grippen
1486;1486;início
1489;542;Mautoni;Mautoni Empreendimentos
1490;538;MMC
1491;539;Caoa
1495;1495;Fazenda
1502;1502;LFT
1506;1506;NotaA
1509;434;Lula;Luiz Inácio Lula da Silva;Presidente Luiz Inácio Lula da Silva;presidente Luiz Inácio Lula da Silva;Lula.
1510;562;Luis Claudio;Luis Claudio Lula da Silva
1513;468;Estado Democrático;Estado
1514;931;Direito
1515;588;País
1516;1394;República Luiz Inácio Lula da Silva;República
1517;23;Presidente Lula;Presidente
1519;1519;Medida Provisória
1520;1520;Lei;Lei Orçamentária Anual
1521;562;Luis Claudio;Luis Claudio Lula da Silva
1524;1524;Brasil. Afirmar;Brasil
1528;1528;Parlamento
1529;1529;fenômeno
1534;1534;Conselho;Conselho Curador
1536;1536;Lula;Lula. Cristiano Zanin Martins
1537;1537;Roberto Teixeira
1538;93;Tribunal;Tribunal Federal;Tribunal Superior Eleitoral.;Tribunal Superior
1539;229;Contas
1540;225;União;União Europeia
1541;1541;Fundo
1542;1542;Financiamento Estudantil
1543;16;Dilma Roussef;Dilma;Dilma.;Dilma Rousseff;presidente Dilma Rousseff.;presidente Dilma Rousseff;Dilma Rousseff.
1544;1544;Fernando Haddad
1545;973;São Paulo
1546;1557;Aloízio Mercadante;Mercadante
1547;1592;Henrique Paim;José Henrique Paim
1548;1548;Educação
1549;1549;Miriam Belchior
1550;1550;Nelson Barbosa
1551;854;Planejamento
1552;231;TCU.;TCU
1553;1553;Haddad
1554;1554;FIES
1557;1557;Aloízio Mercadante;Mercadante
1558;1571;Fies;Fies.
1560;1560;Paim
1562;1562;Belchior
1563;1563;Barbosa. Irregularidades
1566;231;TCU.;TCU
1571;1571;Fies;Fies.
1572;1574;Ana Arraes;TCU Ana Arraes
1574;1574;Ana Arraes;TCU Ana Arraes
1575;1575;Augusto Sherman
1576;1576;Sherman
1577;1577;Precisa
1579;1579;Aloizio Mercadante
1587;1536;Lula;Lula. Cristiano Zanin Martins
1588;16;Dilma Roussef;Dilma;Dilma.;Dilma Rousseff;presidente Dilma Rousseff.;presidente Dilma Rousseff;Dilma Rousseff.
1591;1591;Enade
1592;1592;Henrique Paim;José Henrique Paim
1594;269;presidente Michel Temer;Michel Temer.;Michel Temer
1595;1;PMDB.;PMDB
1596;1153;Maceió
1597;6;Ministério
1598;1598;Desenvolvimento Social
1599;1599;Agrário
1600;1520;Lei;Lei Orçamentária Anual
1601;913;Nordeste
1602;973;São Paulo
1603;1524;Brasil. Afirmar;Brasil
1604;19;Temer;Temer. Ação;Temer.
1605;1605;Alagoas
1606;1606;Agreste
1607;1607;Sertão
1608;1608;Centro Cultural
1609;1609;Ruth Cardoso
1610;1610;Jaraguá
1611;1611;Renan Filho
1614;1614;Rui Palmeira
1615;7;PSDB;PSDB.;PSD;SD
1616;1222;Bahia
1617;1617;Pernambuco
1620;1620;Osmar Terra
1623;1623;Relação
1625;16;Dilma Roussef;Dilma;Dilma.;Dilma Rousseff;presidente Dilma Rousseff.;presidente Dilma Rousseff;Dilma Rousseff.
1626;70;PT.;PTB;PT;PTN
1627;50;Congresso.;Congresso
1630;1630;Deus
1631;585;Executivo;Ex;Executivo Federal
1632;1632;Protesto
1633;1633;Polícia Militar
1634;1394;República Luiz Inácio Lula da Silva;República
1635;1635;Arany Fernando
1636;1636;Instituto;Instituto Federal
1638;1638;Ifal
1639;19;Temer;Temer. Ação;Temer.
1641;236;Brasília
1642;46;Câmara;Câmara Legislativa
1643;1643;PIS
1644;293;Federal;Fed;Federação
1645;1645;Informática
1646;1646;Rafael Sebben.
1648;50;Congresso.;Congresso
1649;16;Dilma Roussef;Dilma;Dilma.;Dilma Rousseff;presidente Dilma Rousseff.;presidente Dilma Rousseff;Dilma Rousseff.
1650;293;Federal;Fed;Federação
1651;1651;Dono
1652;1652;Goiânia
1653;1653;Nós
1654;1654;alíquota
1655;1655;Edgar Segato Neto
1656;1656;Febrac.
1658;80;Rodrigo;Rodrigo Janot;Rodrigo Maia;Rodrigo Maia.
1659;81;RJ
1660;182;Casa Civil.;Casa.;Casa;Casa Eduardo Cunha
1661;80;Rodrigo;Rodrigo Janot;Rodrigo Maia;Rodrigo Maia.
1662;6;Ministério
1663;1495;Fazenda
1665;46;Câmara;Câmara Legislativa
1666;227;Distrito Federal
1667;236;Brasília
1668;28;República Dilma Rousseff;República Dilma Roussef;República
1669;1669;Chico Vigilante
1670;70;PT.;PTB;PT;PTN
1671;16;Dilma Roussef;Dilma;Dilma.;Dilma Rousseff;presidente Dilma Rousseff.;presidente Dilma Rousseff;Dilma Rousseff.
1673;212;Mesa;Mesa Diretora
1674;1674;Professor Reginaldo Veras
1675;732;PDT
1678;145;Comissão
1679;146;Constituição
1680;834;Justiça Eleitoral.;Justiça;Justiça Federal
1681;148;CCJ
1682;1682;Rodrigo Rollemberg
1683;492;Diário
1684;46;Câmara;Câmara Legislativa
1685;1685;impeachmentNa
1686;16;Dilma Roussef;Dilma;Dilma.;Dilma Rousseff;presidente Dilma Rousseff.;presidente Dilma Rousseff;Dilma Rousseff.
1687;1534;Conselho;Conselho Curador
1688;1688;Fundação Perseu Abramo
1691;1691;Argentina Cristina Kirchner
1692;973;São Paulo
1694;1694;CUT
1696;427;Cuba Fidel Castro;Cubadebate;Cuba
1697;434;Lula;Luiz Inácio Lula da Silva;Presidente Luiz Inácio Lula da Silva;presidente Luiz Inácio Lula da Silva;Lula.
1698;109;líder Carlos Sampaio;líder
1699;425;Fidel Castro.;Fidel Castro;Fidel
1700;1231;diretor
1701;270;Banco Mundial;Banco;Banco Central.
1702;1702;Bird
1703;1703;Joaquim Levy
1704;1495;Fazenda
1705;16;Dilma Roussef;Dilma;Dilma.;Dilma Rousseff;presidente Dilma Rousseff.;presidente Dilma Rousseff;Dilma Rousseff.
1706;236;Brasília
1707;1707;Eduardo Guardia.
1708;1708;Levy
1710;1524;Brasil. Afirmar;Brasil
1716;6;Ministério
1718;269;presidente Michel Temer;Michel Temer.;Michel Temer
1720;50;Congresso.;Congresso
1721;1721;Henrique Meirelles
1723;1723;Enfraquecido
1726;1550;Nelson Barbosa
1730;89;SISTEMA POLÍTICOAnoMedida;MA
1731;931;Direito
1732;1520;Lei;Lei Orçamentária Anual
1733;94;STF
1735;4;TSE.;TSE
1736;50;Congresso.;Congresso
1738;1738;Ficha Limpa Márlon Reis;Ficha Limpa
1739;178;Senado Federal.;Senado
1740;46;Câmara;Câmara Legislativa
1741;16;Dilma Roussef;Dilma;Dilma.;Dilma Rousseff;presidente Dilma Rousseff.;presidente Dilma Rousseff;Dilma Rousseff.
1743;23;Presidente Lula;Presidente
1745;47;Eduardo Cunha.;Eduardo Cunha
1746;1;PMDB.;PMDB
1747;81;RJ
1749;93;Tribunal;Tribunal Federal;Tribunal Superior Eleitoral.;Tribunal Superior
1751;1751;diasFonte
1752;1752;Tentativas
1753;49;Reforma;Reforma Política
1754;1754;David Fleischer.;David Fleischer
1758;593;Judiciário;Poder Judiciário
1759;1759;Legislativo.
1762;1636;Instituto;Instituto Federal
1763;1763;Ciência Política
1764;1764;Universidade
1765;236;Brasília
1766;1766;UNB
1767;1754;David Fleischer.;David Fleischer
1769;80;Rodrigo;Rodrigo Janot;Rodrigo Maia;Rodrigo Maia.
1771;1771;Fleischer
1773;1738;Ficha Limpa Márlon Reis;Ficha Limpa
1782;834;Justiça Eleitoral.;Justiça;Justiça Federal
1785;93;Tribunal;Tribunal Federal;Tribunal Superior Eleitoral.;Tribunal Superior
1788;1788;Márlon
1790;5;Polícia Federal
1791;16;Dilma Roussef;Dilma;Dilma.;Dilma Rousseff;presidente Dilma Rousseff.;presidente Dilma Rousseff;Dilma Rousseff.
1792;269;presidente Michel Temer;Michel Temer.;Michel Temer
1793;93;Tribunal;Tribunal Federal;Tribunal Superior Eleitoral.;Tribunal Superior
1794;4;TSE.;TSE
1795;7;PSDB;PSDB.;PSD;SD
1797;172;Rede Seg Gráfica;Rede SEG;Rede
1798;1143;VTPB
1799;14;PF
1800;973;São Paulo
1801;974;Santa Catarina;Santa Catarina.
1803;20;ministro Herman Benjamin;Herman Benjamin
1805;959;Benjamin
1808;6;Ministério
1809;293;Federal;Fed;Federação
1811;20;ministro Herman Benjamin;Herman Benjamin
1812;834;Justiça Eleitoral.;Justiça;Justiça Federal
1813;16;Dilma Roussef;Dilma;Dilma.;Dilma Rousseff;presidente Dilma Rousseff.;presidente Dilma Rousseff;Dilma Rousseff.
1814;13;Flávio Caetano
1816;593;Judiciário;Poder Judiciário
1817;952;Caetano;11º ano;CaetanoAdvogado
1820;913;Nordeste
1821;19;Temer;Temer. Ação;Temer.
1822;93;Tribunal;Tribunal Federal;Tribunal Superior Eleitoral.;Tribunal Superior
1823;911;Gustavo Guedes
1824;1;PMDB.;PMDB
1825;1825;Miguel Pereira Neto
1836;12;Laudo
1841;17;Petrobras.;Petrobras
1846;924;Aécio Neves;Aécio Neves.;senador Aécio Neves
1847;10;MG
1848;1848;Aloysio Nunes Ferreira
1849;131;SP
1851;50;Congresso.;Congresso
1852;28;República Dilma Rousseff;República Dilma Roussef;República
1855;93;Tribunal;Tribunal Federal;Tribunal Superior Eleitoral.;Tribunal Superior
1856;4;TSE.;TSE
1857;20;ministro Herman Benjamin;Herman Benjamin
1858;16;Dilma Roussef;Dilma;Dilma.;Dilma Rousseff;presidente Dilma Rousseff.;presidente Dilma Rousseff;Dilma Rousseff.
1859;269;presidente Michel Temer;Michel Temer.;Michel Temer
1860;959;Benjamin
1861;834;Justiça Eleitoral.;Justiça;Justiça Federal
1862;7;PSDB;PSDB.;PSD;SD
1863;17;Petrobras.;Petrobras
1864;924;Aécio Neves;Aécio Neves.;senador Aécio Neves
1866;10;MG
1867;103;Presidência
1872;1872;Gilmar Mendes
1875;6;Ministério
1877;1877;ímpar
1878;93;Tribunal;Tribunal Federal;Tribunal Superior Eleitoral.;Tribunal Superior
1879;66;Andrade Gutierrez Otávio Marques;Andrade Gutierrez
1880;1880;Azevedo
1881;44;Lava Jato;Lava
1882;1882;Araraquara
1883;131;SP
1884;1884;Edinho Silva;Edson Antonio Edinho Silva
1885;16;Dilma Roussef;Dilma;Dilma.;Dilma Rousseff;presidente Dilma Rousseff.;presidente Dilma Rousseff;Dilma Rousseff.
1887;4;TSE.;TSE
1888;66;Andrade Gutierrez Otávio Marques;Andrade Gutierrez
1889;1;PMDB.;PMDB
1890;834;Justiça Eleitoral.;Justiça;Justiça Federal
1891;269;presidente Michel Temer;Michel Temer.;Michel Temer
1892;16;Dilma Roussef;Dilma;Dilma.;Dilma Rousseff;presidente Dilma Rousseff.;presidente Dilma Rousseff;Dilma Rousseff.
1895;70;PT.;PTB;PT;PTN
1899;1;PMDB.;PMDB
1900;1900;Bruno César Lorencini
1901;7;PSDB;PSDB.;PSD;SD
1902;19;Temer;Temer. Ação;Temer.
1903;69;Otávio Azevedo;Otávio Azevedo.
1905;236;Brasília
1906;86;DF
1907;1884;Edinho Silva;Edson Antonio Edinho Silva
1908;1908;Otávio Marques
1911;20;ministro Herman Benjamin;Herman Benjamin
1913;6;Ministério
1915;17;Petrobras.;Petrobras
1916;15;MPF;MP
1918;16;Dilma Roussef;Dilma;Dilma.;Dilma Rousseff;presidente Dilma Rousseff.;presidente Dilma Rousseff;Dilma Rousseff.
1920;1920;Sr. Otavio Marques
1923;1923;Rádio Itatiaia
1926;19;Temer;Temer. Ação;Temer.
1927;103;Presidência
1929;5;Polícia Federal
1931;16;Dilma Roussef;Dilma;Dilma.;Dilma Rousseff;presidente Dilma Rousseff.;presidente Dilma Rousseff;Dilma Rousseff.
1932;269;presidente Michel Temer;Michel Temer.;Michel Temer
1933;93;Tribunal;Tribunal Federal;Tribunal Superior Eleitoral.;Tribunal Superior
1934;20;ministro Herman Benjamin;Herman Benjamin
1935;4;TSE.;TSE
1936;14;PF
1937;7;PSDB;PSDB.;PSD;SD
1938;70;PT.;PTB;PT;PTN
1939;1;PMDB.;PMDB
1942;6;Ministério
1947;4;TSE.;TSE
1948;250;Florianópolis
1949;252;Porto Alegre;Porto AlegreInvestimento Mínimo;Porto Alegre.
1950;251;Salvador
1951;236;Brasília
1952;334;Programa
1953;335;Parcerias
1954;336;Investimentos;XP Investimentos
1955;256;Moreira Franco;Wellington Moreira Franco
1956;1956;Mauricio Quintella.
1957;16;Dilma Roussef;Dilma;Dilma.;Dilma Rousseff;presidente Dilma Rousseff.;presidente Dilma Rousseff;Dilma Rousseff.
1958;269;presidente Michel Temer;Michel Temer.;Michel Temer
1961;252;Porto Alegre;Porto AlegreInvestimento Mínimo;Porto Alegre.
1962;1967;bilhãoOutorga Mínima;bilhão
1963;1963;milhõesPrazo
1964;1964;Concessão
1967;1967;bilhãoOutorga Mínima;bilhão
1970;6;Ministério
1971;1971;Rogério Coimbra.;Rogério Coimbra
1972;952;Caetano;11º ano;CaetanoAdvogado
1973;1973;Coimbra
1974;1974;Governo
1975;19;Temer;Temer. Ação;Temer.
1976;16;Dilma Roussef;Dilma;Dilma.;Dilma Rousseff;presidente Dilma Rousseff.;presidente Dilma Rousseff;Dilma Rousseff.
1981;244;Infraero.;Infraero
1983;237;Guarulhos
1985;1985;Campinas
1986;240;Galeão
1989;1989;Sul
1990;1990;Ceará
1993;1971;Rogério Coimbra.;Rogério Coimbra
1994;255;Aviação
1995;235;Maurício Quintella
1997;1997;Congonhas
1998;16;Dilma Roussef;Dilma;Dilma.;Dilma Rousseff;presidente Dilma Rousseff.;presidente Dilma Rousseff;Dilma Rousseff.
1999;93;Tribunal;Tribunal Federal;Tribunal Superior Eleitoral.;Tribunal Superior
2000;4;TSE.;TSE
2001;5;Polícia Federal
2002;6;Ministério
2003;7;PSDB;PSDB.;PSD;SD
2004;16;Dilma Roussef;Dilma;Dilma.;Dilma Rousseff;presidente Dilma Rousseff.;presidente Dilma Rousseff;Dilma Rousseff.
2005;269;presidente Michel Temer;Michel Temer.;Michel Temer
2006;924;Aécio Neves;Aécio Neves.;senador Aécio Neves
2007;10;MG
2008;2008;Flavio Crocce Caetano
2009;19;Temer;Temer. Ação;Temer.
2010;14;PF
2011;15;MPF;MP
2014;12;Laudo
2015;952;Caetano;11º ano;CaetanoAdvogado
2017;17;Petrobras.;Petrobras
2020;20;ministro Herman Benjamin;Herman Benjamin
2021;261;dólaresAcompanhe;dólar;dólares
2023;2023;Ptax
2024;270;Banco Mundial;Banco;Banco Central.
2029;2029;André Perfeito
2030;2030;Gradual Investimentos
2031;16;Dilma Roussef;Dilma;Dilma.;Dilma Rousseff;presidente Dilma Rousseff.;presidente Dilma Rousseff;Dilma Rousseff.
2032;2032;Campos;Silvio Campos Neto
2033;303;Consultoria.;Consultoria
2034;1524;Brasil. Afirmar;Brasil
2035;2032;Campos;Silvio Campos Neto
2037;2037;Reino Unido
2038;225;União;União Europeia
2039;258;Donald Trump
2045;2045;Rogério Mori;Rogério
2046;2046;Escola
2047;2047;Economia
2048;973;São Paulo
2049;2049;Fundação Getúlio Vargas
2050;199;EESP;ES
2052;2052;Latif
2053;336;Investimentos;XP Investimentos
2055;2055;Miguel Daoud
2058;272;BC.;ABCR;BC
2060;264;Reuters.;Reuters;Reuters. Juros
2062;261;dólaresAcompanhe;dólar;dólares
2066;2066;H. Commcor
2067;2067;Cleber Alessie Machado
2070;2070;Bovespa
2071;2071;Ibovespa
2072;50;Congresso.;Congresso
2073;269;presidente Michel Temer;Michel Temer.;Michel Temer
2074;2074;Associação Brasileira
2075;2075;Concessionárias
2076;2076;Rodovias
2077;272;BC.;ABCR;BC
2078;2078;Flávio Freitas.
2079;16;Dilma Roussef;Dilma;Dilma.;Dilma Rousseff;presidente Dilma Rousseff.;presidente Dilma Rousseff;Dilma Rousseff.
2080;2080;Freitas
2082;2082;Goiás
2083;2083;Mato Grosso
2084;236;Brasília
2085;2085;Betim
2086;10;MG
2088;1989;Sul
2091;2091;Tocantins.
2094;492;Diário
2097;16;Dilma Roussef;Dilma;Dilma.;Dilma Rousseff;presidente Dilma Rousseff.;presidente Dilma Rousseff;Dilma Rousseff.
2098;97;Jato.
2099;50;Congresso.;Congresso
2102;1404;BNDES
2104;270;Banco Mundial;Banco;Banco Central.
2105;2105;Desenvolvimento Econômico
2106;2106;Social
2114;2114;Jair Bolsonaro
2115;621;PSC;PSC.
2116;81;RJ
2117;1534;Conselho;Conselho Curador
2118;348;Ética;Política Regulatória
2119;46;Câmara;Câmara Legislativa
2120;2120;coronel
2121;848;Carlos Fernando;Carlos
2122;2122;Ustra;Ustra.
2124;834;Justiça Eleitoral.;Justiça;Justiça Federal
2128;16;Dilma Roussef;Dilma;Dilma.;Dilma Rousseff;presidente Dilma Rousseff.;presidente Dilma Rousseff;Dilma Rousseff.
2129;70;PT.;PTB;PT;PTN
2130;2130;Foro
2131;973;São Paulo
2134;2134;Bolsonaro;Bolsonaro.
2135;2135;PV
2141;2141;Parecer
2142;2142;Monteiro
2143;184;CE
2144;2134;Bolsonaro;Bolsonaro.
2145;146;Constituição
2147;2147;Marcos Rogério
2148;120;GO
2149;2045;Rogério Mori;Rogério
2151;139;DEM.;DEM
2152;2152;Laerte Bessa
2153;86;DF
2154;2154;Capitão Augusto
2155;131;SP
2161;2161;Jean Wyllys
2165;175;PSOL
2168;16;Dilma Roussef;Dilma;Dilma.;Dilma Rousseff;presidente Dilma Rousseff.;presidente Dilma Rousseff;Dilma Rousseff.
2169;2169;Wyllys
2171;2171;Chico Alencar
2178;1534;Conselho;Conselho Curador
2179;348;Ética;Política Regulatória
2180;46;Câmara;Câmara Legislativa
2181;2114;Jair Bolsonaro
2182;621;PSC;PSC.
2183;848;Carlos Fernando;Carlos
2184;2122;Ustra;Ustra.
2185;2134;Bolsonaro;Bolsonaro.
2186;16;Dilma Roussef;Dilma;Dilma.;Dilma Rousseff;presidente Dilma Rousseff.;presidente Dilma Rousseff;Dilma Rousseff.
2188;5;Polícia Federal
2189;16;Dilma Roussef;Dilma;Dilma.;Dilma Rousseff;presidente Dilma Rousseff.;presidente Dilma Rousseff;Dilma Rousseff.
2190;269;presidente Michel Temer;Michel Temer.;Michel Temer
2191;93;Tribunal;Tribunal Federal;Tribunal Superior Eleitoral.;Tribunal Superior
2192;1136;Tribunal;Tribunal Regional;Tribunal Superior
2193;973;São Paulo
2194;14;PF
2195;16;Dilma Roussef;Dilma;Dilma.;Dilma Rousseff;presidente Dilma Rousseff.;presidente Dilma Rousseff;Dilma Rousseff.
2196;19;Temer;Temer. Ação;Temer.
2197;6;Ministério
2199;4;TSE.;TSE
2200;20;ministro Herman Benjamin;Herman Benjamin
2204;974;Santa Catarina;Santa Catarina.
2207;7;PSDB;PSDB.;PSD;SD
2208;70;PT.;PTB;PT;PTN
2209;1;PMDB.;PMDB
2210;2210;Diretório
2211;70;PT.;PTB;PT;PTN
2212;973;São Paulo
2213;2214;Rui Falcão;Falcão
2214;2214;Rui Falcão;Falcão
2215;28;República Dilma Rousseff;República Dilma Roussef;República
2216;1534;Conselho;Conselho Curador
2217;1688;Fundação Perseu Abramo
2218;70;PT.;PTB;PT;PTN
2222;1524;Brasil. Afirmar;Brasil
2225;434;Lula;Luiz Inácio Lula da Silva;Presidente Luiz Inácio Lula da Silva;presidente Luiz Inácio Lula da Silva;Lula.
2229;560;pré;presidente Lula
2231;182;Casa Civil.;Casa.;Casa;Casa Eduardo Cunha
2232;1225;ministro Jaques Wagner;Jaques Wagner
2234;1544;Fernando Haddad
2235;109;líder Carlos Sampaio;líder
2236;178;Senado Federal.;Senado
2237;2237;Lindbergh
2238;81;RJ
2240;16;Dilma Roussef;Dilma;Dilma.;Dilma Rousseff;presidente Dilma Rousseff.;presidente Dilma Rousseff;Dilma Rousseff.
2245;28;República Dilma Rousseff;República Dilma Roussef;República
2247;2247;Uruguai
2248;2248;Pepe Vargas
2249;474;RS
2253;270;Banco Mundial;Banco;Banco Central.
2254;2105;Desenvolvimento Econômico
2255;2106;Social
2256;1404;BNDES
2257;2257;Maria Silvia Bastos;Maria Silvia
2258;257;Tesouro
2259;2259;Anunciada
2260;1136;Tribunal;Tribunal Regional;Tribunal Superior
2261;229;Contas
2262;225;União;União Europeia
2263;231;TCU.;TCU
2264;2257;Maria Silvia Bastos;Maria Silvia
2265;236;Brasília
2275;269;presidente Michel Temer;Michel Temer.;Michel Temer
2276;16;Dilma Roussef;Dilma;Dilma.;Dilma Rousseff;presidente Dilma Rousseff.;presidente Dilma Rousseff;Dilma Rousseff.
2279;1495;Fazenda
2280;1721;Henrique Meirelles
2289;1520;Lei;Lei Orçamentária Anual
2290;2290;Responsabilidade Fiscal
2291;2291;LRF
2292;2292;José Roberto Afonso
2293;2293;IBRE
2294;2294;IDP
2296;2296;Reponsabilidade