id;relation;entity1;id1;entity2;id2
0;..;322;Maracanã;24;Dilma
1;..;6;Brasília;24;Dilma
2;..;299;gaúcha;5680;Dilma
3;..;1207;senador Ricardo Ferraço;7874;Dilma Rousseff
4;>> encaminhamento;1999;Dilma;510;Lewandowski
5;>> encaminhamento;4394;Dilma;510;Lewandowski
6;>> encaminhamento;1290;Dilma;510;Lewandowski
7;abrir imepachment;1412;Cunha;10224;Dilma Rousseff.
8;abrir impeachment;1413;Suíça;1409;Dilma Rousseff.
9;abrir impeachment;18;Senado;7874;Dilma
10;abrir impeachment;1413;Suíça;10305;Dilma Rousseff.
11;aceitado indicação;2913;Moro;4394;Dilma
12;aceitou afastamento;82;Eduardo Cunha;5680;Dilma
13;aceitou impeachment;82;Eduardo Cunha;24;Dilma
14;aceitou impeachment;82;Eduardo Cunha;10305;Dilma
15;acho decisão;7874;Dilma;305;Gilmar Mendes
16;acionado;7874;Dilma;211;STF
17;acolheu ação;202;Porto Alegre;7296;Dilma
18;acolheu impeachment;1412;Cunha;10305;Dilma
19;acolhidos contas;10305;Dilma;6;Brasil
20;acompanhar depoimento;6;Brasília;10305;Dilma
21;acompanhar depoimento.;1469;presidente Lula;11367;Dilma
22;acompanharem defesa;14;República;1999;Dilma
23;acompanharem defesa;3362;República;4394;Dilma
24;acompanharem defesa;5959;intermediária;4394;Dilma
25;acontecer;10224;Dilma Rousseff;10224;Dilma
26;acreditam;109;Ricardo Lewandowski;24;Dilma
27;acrescenta;4394;Dilma;1216;Sérgio Moro
28;acrescentou advogado;14;República;24;Dilma.
29;acusar presidente;5680;Dilma;15;Câmara
30;acusou;1412;Cunha;7874;Dilma
31;adotadas afirmou;1082;senhor;4394;Dilma.
32;afastada;1082;senhora presidente;1999;Dilma Rousseff
33;afastada;3362;República;5680;Dilma Rousseff
34;afastada comando;4394;Dilma;134;Palácio
35;afastada comando;5680;Dilma;134;Palácio
36;afastada comando;7874;Dilma Rousseff;134;Palácio
37;afastada enfrenta;4;Dilma;80;Congresso Nacional.
38;afastada funções;21;Casa;24;Dilma
39;afastada funções;21;Casa;1999;Dilma
40;afastada funções;21;Casa;7296;Dilma
41;afastada funções;21;Casa;10224;Dilma
42;afastada presidência;1999;Dilma;18;Senado
43;afastada presidência;4394;Dilma Rousseff;3362;República
44;afastada razão;7874;Dilma;18;Senado
45;afastar;18;Senado;1999;Dilma Rousseff
46;afastar;135;Planalto;1999;Dilma
47;afastar;271;Dilma;97;Presidência
48;afastar;18;Senado;7874;Dilma
49;afastar;18;Senado;10305;Dilma Rousseff
50;afastar presidente;18;Senado;4394;Dilma Rousseff
51;afastou presidente;18;Senado;7874;Dilma Rousseff
52;afirma;1082;senhora presidente Dilma;1248;senador Jorge Viana
53;afirma;4908;Guardian;4394;Dilma
54;afirma;7874;Dilma;771;Mota. Cidinho
55;afirma;6806;Norte;7874;Dilma
56;afirma;404;Anastasia;7874;Dilma
57;afirma impeachment;101;Lava Jato;5680;Dilma
58;afirma presidente;8252;senador;7874;Dilma Rousseff
59;afirmam governo;1409;Dilma;1067;Michel Temer
60;afirmar gestão;939;Ana Amélia Lemos;4394;Dilma Rousseff
61;afirmar metade;1999;Dilma;18;Senado
62;afirmar metade;7874;Dilma;18;Senado
63;afirmou;365;Oliveira;24;Dilma
64;afirmou;2886;Lindbergh;271;Dilma Rousseff
65;afirmou;203;Polícia Federal;4394;Dilma
66;afirmou;3103;Aécio;5680;Dilma
67;afirmou;5680;Dilma;1067;Michel Temer
68;afirmou;404;Anastasia;10305;Dilma
69;afirmou;1745;Cardozo;10305;Dilma
70;afirmou;10305;Dilma;1022;Cerveró
71;afirmou atos;2220;ávila;4394;gestão Dilma Rousseff
72;afirmou atos;2220;ávila;10305;gestão Dilma Rousseff
73;afirmou condenação;2197;Geraldo Prado;4394;Dilma
74;afirmou destituição;2638;Samper;1999;Dilma
75;afirmou destituição;561;Ernesto Samper;10305;Dilma
76;afirmou discurso;8;RJ;24;Dilma
77;afirmou entrevista;10305;Dilma Rousseff;9588;TV Brasil
78;afirmou nota;10305;Dilma;314;TSE
79;afrontar;7874;Dilma;235;Lei
80;agia ordens;1021;Delcídio;5680;Dilma
81;agilizar afastamento;18;Senado;7874;Dilma
82;aguarda decisão;10305;Dilma;18;Senado
83;aguardar julgamento;806;China;11367;Dilma.
84;aguardaram chegada;135;Planalto;4394;Dilma.
85;ajudar;297;Alvorada;1999;Dilma
86;ajudar;10305;Dilma Rousseff;1412;Cunha
87;ajudará;75;José Eduardo Cardozo;10305;Dilma
88;ajudará exercício;4394;Dilma;1067;Michel Temer
89;ajudei;1067;Michel;4394;Dilma
90;ajuizada presidente;515;desembargador;14;República Dilma Rousseff
91;alcançada leis;4;presidente Dilma;101;Lava Jato
92;alegados afastar;5611;Brasil;5680;Dilma
93;alegaram;10305;Dilma;82;Eduardo Cunha
94;aliados governo;762;PDT;7874;Dilma
95;aliviar pena;4964;PT;10305;Dilma Rousseff
96;amenizou crise;24;Dilma Rousseff;476;Brasil
97;analisar governo;272;União;7874;Dilma
98;andar bicicleta;271;Dilma Rousseff;119;Zona Sul
99;andou;24;Dilma;15;Câmara
100;andou orla;5680;Dilma Rousseff;444;Guaíba
101;andou orla;10305;Dilma Rousseff;444;Guaíba
102;antecipado julgamento;1067;Michel Temer;24;Dilma.
103;antecipado julgamento;7821;Michel Temer;11367;Dilma.
104;anular decisão;4;presidente Dilma;18;Senado
105;anular impeachment;15;Câmara;24;Dilma Rousseff. MP
106;anular presidente;211;STF;10305;Dilma Rousseff
107;anunciado governo;3661;Medeiros;10305;Dilma
108;anunciado pagamento;5680;Dilma Rousseff;7351;13º
109;anunciou deputado;5680;Dilma Rousseff;6863;Wadih Damous
110;ao;24;Dilma;18;Senado
111;ao;1999;Dilma;80;Congresso
112;ao;1999;Dilma;2834;interrogála
113;ao;1999;Dilma;3466;garçom
114;ao;1999;Dilma;18;Senado
115;ao;4394;Dilma;18;Senado
116;ao;5680;Dilma;18;Senado
117;ao;7018;Presidenta Dilma;6514;Senado
118;ao;4;Dilma;18;Senado
119;apodrecido impeachment;1999;Dilma Rousseff;18;Senado Federal
120;apoiar candidatura;27;PMDB;11367;Dilma.
121;apoiaria caso;5680;Dilma;6514;Senado
122;apoiou governo;5611;Brasil;5680;Dilma Rousseff
123;aponta senador;7874;Dilma;8146;Assista
124;aposentar revista;7874;Dilma;9667;Secretário Executivo
125;apresenta defesa;11367;Dilma Rousseff;18;Senado
126;apresentado juristas;1999;Dilma;73;Miguel Reale Júnior
127;apresentado juristas;4394;Dilma;73;Miguel Reale Júnior
128;apresentado juristas;7874;Dilma;73;Miguel Reale Júnior
129;apresentados defesa;404;Anastasia;5680;Dilma
130;apresentar ações;1999;Dilma Rousseff;304;Tribunal Federal
131;apresentar orçamento;10305;Dilma;1584;déficit
132;apresentou;5680;Dilma Rousseff;6514;Senado
133;apresentou;10305;Dilma Rousseff;12467;Parecer Técnico Contábil Divergente
134;apresentou ação;10305;presidente Dilma Rousseff;2123;Tribunal Federal
135;aprovadas ressalvas;24;Dilma;314;TSE.
136;aprovado plenário;24;Dilma Rousseff;18;Senado
137;aprovado plenário;1861;Dilma;18;Senado
138;aprovado plenário;1999;Dilma Rousseff;18;Senado
139;aprovado plenário;271;Dilma;18;Senado
140;aprovado plenário;5680;Dilma;6514;Senado
141;aprovado plenário;5680;Dilma Rousseff;18;Senado
142;aprovado relatório;4394;Dilma;1593;Comissão Especial
143;aprovado votação;10305;Dilma Rousseff;18;Senado.
144;aprovar impeachment;18;Senado;1999;Dilma
145;aprovar impeachment;18;Senado;4394;Dilma
146;aprovar mandato;18;Senado;4394;Dilma
147;aprovar presidente;18;Senado;10305;Dilma Rousseff
148;aproveitaram depoimento;24;Dilma;526;Costa
149;aproveitou;24;Dilma;320;Twitter
150;aprovou afastamento;18;Senado;4394;Dilma Rousseff
151;aprovou impeachment;18;Senado;4394;Dilma Rousseff
152;aprovou presidente;18;Senado;1999;Dilma Rousseff
153;aprovou processo;18;Senado;10305;Dilma Rousseff
154;apurou;556;TV Globo;1999;Dilma
155;apurou;4908;G1;4394;Dilma
156;apurou;556;TV Globo;4394;Dilma
157;apurou;556;TV Globo;5680;Dilma
158;apurou;556;TV Globo;1861;Dilma
159;argumentaram;3130;Humberto Costa;4394;Dilma
160;arrolada advogados;4394;Dilma;2213;Marcelo Odebrecht
161;assinados presidente;521;Luiz Cláudio Costa;24;Dilma Rousseff
162;assinados presidente;4596;Internet;4394;Dilma Rousseff
163;assista íntegra;5680;Dilma;1745;Cardozo
164;assistia;1461;SP;7874;Dilma Rousseff
165;assistirá votação;4394;Dilma;134;Palácio
166;assumir;7874;Dilma.;97;Presidência
167;assumir afastamento;7821;presidente Michel Temer;7296;Dilma.
168;assumir afastamento;7821;presidente Michel Temer;7874;Dilma.
169;assumir fundação;24;Dilma;1363;Diretório
170;assumir funções;5680;Dilma;7355;MBL
171;assumir lugar;1067;presidente Michel Temer;1409;Dilma
172;assumir presidência;24;Dilma;1100;Conselho Curador
173;assumiu exercício;1290;Dilma Rousseff;386;Mesmo
174;atingirá presidentes;1999;Dilma.;3362;República
175;atrair investimentos;4394;Dilma Rousseff;5611;Brasil
176;atrapalhar investigações;1999;Dilma Rousseff;101;Lava Jato
177;atrapalhava trabalho;5680;Dilma;464;TCU
178;atribuiu;10305;Dilma;1022;Cerveró
179;autorizando autorização;7874;Dilma Rousseff;80;Congresso
180;autorizar aprovação;1999;Dilma Rousseff;80;Congresso
181;avalia promessa;739;Washington Post;24;Dilma
182;avaliado presidente;1290;Dilma;2123;Tribunal Federal
183;avaliado presidente;5680;Dilma;2123;Tribunal Federal
184;avaliar contas;6088;Dantas.;4394;Dilma
185;avaliar contas;6088;Dantas;10305;Dilma
186;barrar impeachment;1290;Dilma;18;Senado.
187;barrar impeachment;7874;Dilma;6514;Senado. Interinidade
188;bateram aliados;9;Temer;1999;Dilma
189;bateram aliados;9;Temer;271;Dilma
190;beneficiar empresas;7874;Dilma Rousseff;8541;MMC
191;bom.;3419;Uhum;1999;Dilma
192;caminhou jardins;7874;Dilma Rousseff;134;Palácio
193;campus;7874;Dilma Rousseff;755;Centro
194;cancelar depoimento;11367;Dilma;364;Júlio Marcelo
195;cantavam;1290;Dilma;5685;Hino
196;carregavam apoio;10013;Cnpem;7874;Dilma
197;caso;338;Estado;11367;Dilma Rousseff
198;cassar mandato;18;Senado;1999;Dilma Rousseff
199;cassar mandato;18;Senado;4394;Dilma
200;cassar mandatos;167;PSDB;1409;Dilma
201;causando apoiadores;171;Janaína;1290;Dilma.
202;causaram aliados;510;Lewandowski;24;Dilma
203;celebrou conquista;2752;Dilma;2743;Isaquias Queiroz
204;celular;10305;Dilma;2213;Marcelo Odebrecht
205;chamadas pedaladas;1999;Dilma;2523;Cronograma
206;chamadas pedaladas;7874;Dilma;535;Plano Safra
207;chamadas pedaladas;10224;Dilma;2523;Cronograma
208;chamado deputado;7874;Dilma;8591;André Moura
209;chamar imprensa;1999;Dilma;135;Planalto
210;chamar imprensa;4394;Dilma;135;Planalto
211;chamaram ministros;10305;Dilma;2140;Supremo.
212;chamou;271;Dilma;521;áudio
213;chamou;1205;ES;4394;Dilma Rousseff
214;chega;7874;Dilma;18;Senado
215;chegaram;4394;Dilma Rousseff;80;Congresso
216;chegaram;10305;Dilma;80;Congresso
217;chegará;10305;Dilma;80;Congresso
218;chegou;4;presidente Dilma Rousseff;120;Rio
219;chegou;10224;Dilma;417;Esplanada
220;chegou;10305;Dilma Rousseff;202;Porto Alegre
221;chegou dizer;1469;presidente Lula;1409;Dilma
222;chegou menosprezar;24;Dilma;80;Congresso
223;circulava desenvoltura;7874;Dilma.;80;Congresso
224;cita conversas;1999;Dilma;1111;Sérgio Machado
225;citando ata;1409;Dilma;1100;Conselho
226;citar impeachment;338;Estado;7874;Dilma Rousseff
227;citou;1999;Dilma;3802;Nobel
228;citou governo;7874;Dilma;9;Temer
229;colocou;4394;Dilma;3002;Maria
230;com;3909;Contraste;1999;Dilma
231;com;6;Brasil;7874;Dilma Rousseff
232;com;7874;Dilma Rousseff;10020;aviões
233;com;10224;Dilma Rousseff;10020;aviões
234;comandada ministro;5680;Dilma;75;Justiça José Eduardo Cardozo.
235;comandada ministro;7874;Dilma;75;Justiça José Eduardo Cardozo.
236;comemorou retirada;2106;Belo Horizonte;4394;Dilma Rousseff
237;comentar caso;214;Mello;11367;Dilma
238;comentar parecer;7874;Dilma;404;Anastasia.
239;cometer ilegalidades;1360;RS;4394;Dilma
240;cometeu atentado;24;Dilma Rousseff;72;Constituição
241;cometeu atentado;4394;Dilma Rousseff;72;Constituição
242;cometeu atentado;5680;Dilma Rousseff;72;Constituição
243;cometeu atentado;7874;Dilma Rousseff;72;Constituição
244;cometeu atentado;10305;Dilma Rousseff;72;Constituição
245;cometeu ato;9;Temer;7874;Dilma
246;começa impeachment;18;Senado;1999;Dilma
247;começa impeachment;18;Senado;4394;Dilma
248;começa impeachment;18;Senado;10305;Dilma
249;começando;1409;Dilma Rousseff;1718;Moura
250;começou;11367;Dilma Rousseff.;1248;senador
251;começou julgar;18;Senado;1999;Dilma Rousseff
252;compactuou;813;Petrobras;1999;Presidenta Dilma Rousseff
253;compareceu;24;Dilma Rousseff;18;Senado
254;comunicada decisão;4394;Dilma Rousseff;18;Senado
255;concentrados prédio;135;Planalto;4394;Dilma Rousseff
256;concentraram;5680;Dilma Rousseff;927;Praça
257;concentraram lado;24;Dilma;391;Teatro
258;concentraram lado;1999;Dilma;391;Teatro
259;concentraram lado;7874;Dilma;391;Teatro
260;concentravam proximidades;24;Dilma Rousseff;80;Congresso
261;concluiu;2056;senador;1999;Dilma
262;concluiu;1021;senador;7874;Dilma
263;concluiu;18;Senado;10305;Dilma
264;concluiu ato;18;Senado;7874;Dilma Rousseff
265;concluiu presidente;8252;senador;7874;Dilma Rousseff
266;condenar;18;Senado;1409;Dilma Rousseff
267;condenar;211;STF;1999;Dilma
268;condenar;18;Senado;1999;Dilma Rousseff
269;condenar;18;Senado;4394;Dilma Rousseff
270;condenar;6514;Senado;5680;Dilma Rousseff
271;confirmado afastamento;18;Senado;24;Dilma
272;confirmar impeachment;18;Senado;1290;Dilma
273;confirme;10305;Dilma;314;TSE
274;confirmou comparecerá;24;Dilma;80;Congresso
275;conheça intimidade;10305;Dilma;10305;Dilma
276;conheço;12631;BR Distribuidora.;10305;Dilma
277;conseguir presidente;9712;Levy;7874;Dilma Rousseff
278;conseguiu tornar;1409;Dilma;1482;ícone
279;construído península;271;Dilma;4277;Lago Paranoá
280;contará estrutura;10305;Dilma;18;Senado
281;contava ministérios;24;Dilma;9;Temer
282;contesta defesa;404;Anastasia;7874;Dilma
283;contestando habilitação;211;STF;7874;Dilma
284;continua indo;24;Dilma;9;Temer. BBC Brasil
285;continuar;9195;Terra;7874;Dilma
286;continuará;1999;Dilma Rousseff;851;Presidente
287;continuará trabalhando;3937;Giles;7874;Dilma
288;contra;15;Câmara;1999;Dilma
289;contra;4394;Dilma. Protesto;9;Temer
290;contra;15;Câmara;4394;Dilma
291;contra;18;Senado;10305;Dilma
292;contra;1201;Espírito Santo. Ato;11367;Dilma
293;contrariado viagens;9;Temer;1999;Dilma.
294;contrariado viagens;7821;Michel Temer;10224;Dilma
295;contrariavam;4394;gestão Dilma Rousseff;235;Lei
296;contrariavam;10305;gestão Dilma Rousseff;235;Lei
297;contratada campanha;3837;informática;1999;Dilma Rousseff
298;contratadas campanha;203;Polícia Federal;24;presidente Dilma Rousseff
299;controlou preços;1409;presidente Dilma Rousseff;813;Petrobras
300;convencer opositores;380;AM;24;Dilma
301;convencer opositores;380;AM;1999;Dilma
302;convencer opositores;380;AM;4394;Dilma
303;conversar equipe;464;TCU;7874;Dilma
304;conversou;1409;Dilma;1489;Raúl Castro
305;conversou;1490;Mariel;1409;Dilma
306;convidados abertura;24;Dilma;331;Olimpíada
307;convoca;510;Lewandowski;7874;Dilma
308;convocados denúncia;2220;ávila Carvalho;271;Dilma Rousseff.
309;costuma publicar;2752;Dilma;120;Rio2016
310;cotado assumir;7874;Dilma Rousseff;2956;Aviação
311;criado gestão;9956;Emprego;7874;Dilma Rousseff
312;criticam;1999;Dilma;1381;Pimentel
313;criticava;1401;Facebook;5680;presidente Dilma Rousseff
314;criticou;10305;Dilma;240;PEC
315;criticou desempenho;736;New York Times;5680;Dilma
316;criticou exercício;1999;Dilma Rousseff;1067;Michel Temer.
317;criticou falta;7874;Dilma Rousseff;241;quórum
318;criticou governo;24;Dilma;9;Temer
319;criticou previsão;1999;Dilma;1584;déficit
320;culpou;1409;Dilma;1022;Cerveró
321;culpou deputado;1999;Dilma;82;Eduardo Cunha
322;da;24;Dilma Rousseff;97;Presidência
323;da;1409;Dilma Rousseff;97;Presidência
324;da;1998;Imprensa;1999;Presidenta Dilma Rousseff
325;da;1999;Dilma;97;Presidência
326;da;4394;Dilma;97;Presidência
327;da;1290;Dilma Rousseff;97;Presidência
328;da;709;Mensagem;7018;Presidenta Dilma
329;da;7870;senhora Presidente;7871;República Dilma Vana Rousseff
330;da;7874;Dilma Rousseff;97;Presidência
331;da;10224;Dilma;97;Presidência
332;da;6;Brasil;10224;Dilma
333;da;10305;Dilma Rousseff;97;Presidência
334;da;11367;Dilma Rousseff;97;Presidência
335;de;413;Renan. Notificação;24;Dilma
336;de;620;MINISTÉRIO;621;DILMA
337;de;606;Defesa;24;Dilma
338;de;180;Fazenda;1290;Dilma
339;de;1205;ASSESSORIA;669;IMPRENSAPRESIDENTA DILMA ROUSSEFF
340;de;18;Senado;1999;Dilma Rousseff
341;de;606;Defesa;1999;Dilma
342;de;413;Renan. Notificação;1999;Dilma
343;de;3698;temporário;1999;Dilma
344;de;3973;Depoimento;1999;Dilma Rousseff
345;de;180;Fazenda;271;Dilma
346;de;1998;Imprensa;4394;Dilma Rousseff
347;de;3973;Depoimento;4394;Dilma
348;de;80;Congresso. Defesa;4394;Dilma
349;de;5557;Interrogatório;4394;Dilma Rousseff
350;de;385;Agricultura;5680;Dilma
351;de;3973;Depoimento;5680;Dilma Rousseff
352;de;5557;Interrogatório;5680;Dilma Rousseff
353;de;7935;Dilma. Aliados;7874;Dilma
354;de;380;JULGAMENTO;621;DILMA
355;de;236;Impeachment;8772;Dilma Roussef. Brasília
356;de;4964;PT;7874;Dilma
357;de;2314;Processo;4;Dilma
358;de;413;Renan. Notificação;7874;Dilma
359;de;385;Agricultura;7874;Dilma
360;de;10224;Dilma. Desafeto;1412;Cunha
361;de;606;Defesa;10224;Dilma
362;de;3973;Depoimento;11367;Dilma
363;de;6823;DEFESA;2481;DILMA APRESENTA PARECER CONTÁBIL DIVERGENTE
364;de;12477;Advogado;10305;Dilma Rousseff
365;de;606;Defesa;10305;Dilma
366;decida comparecer;24;Dilma Rousseff;18;Senado
367;decida comparecer;7874;Dilma Rousseff;18;Senado
368;decidir afasta;80;Congresso;1290;Dilma Rousseff
369;decidir afastamento;1550;Caiado;1409;Dilma
370;decidir afastamento;18;Senado;4394;Dilma
371;decidir impeachment;18;Senado;10305;Dilma.
372;decidirem afastar;135;Planalto;1999;Dilma
373;decidiu afastar;18;Senado;24;Dilma Rousseff
374;decidiu afastar;18;Senado;1999;Dilma
375;decidiu afastar;18;Senado;4394;Dilma
376;decidiu afastar;18;Senado;1290;Dilma Rousseff
377;decidiu afastar;18;Senado;7874;Dilma
378;decidiu encontrar;6;Brasília;4;Dilma.
379;decidiu impedir;21;Casa;1409;Dilma
380;decidiu impedir;21;Casa;4394;Dilma
381;decidiu impedir;21;Casa;7874;Dilma
382;decidiu impedir;21;Casa;4;Dilma
383;decidiu inabilitar;21;Casa;4394;Dilma Rousseff
384;decidiu levar;18;Senado;10305;Dilma
385;decidiu presidente;18;Senado;10305;Dilma Rousseff
386;decidiu unir;10305;Dilma Rousseff;167;PSDB
387;declara;7874;Dilma Rousseff;8364;senador José Agripino
388;declaram apoio;1290;Dilma;1290;Dilma.
389;declarou;1409;Dilma;1434;Lobão
390;declarou;120;Rio;1861;Dilma
391;declarou;120;Rio;1999;Dilma
392;declarou;4394;Dilma;377;Grazziotin.
393;declarou;708;AC;5680;Dilma
394;declarou;6;Brasil;7874;Dilma.
395;declarou presidente;1999;Dilma Rousseff;167;PSDB
396;declarou.;5680;Dilma Rousseff.;7023;Skaf
397;decretado;7874;Dilma Rousseff;18;Senado
398;defender;15;Câmara;1999;Dilma
399;defender atos;364;Júlio Marcelo.;11367;Dilma
400;defender mandatos;6;Brasília;4394;Dilma Rousseff
401;defendeu governo;8686;Lodi;4;presidente Dilma Rousseff
402;defendeu presidente;8272;Katia Abreu;7874;Dilma Rousseff
403;defendeu presidente;8886;Winston Rodrigues Lima;7874;Dilma Rousseff
404;defendida receita;24;presidente Dilma Rousseff;51;Federal
405;definir futuro;18;Senado;10305;Dilma Rousseff
406;definitivamente;10305;Dilma Rousseff;2955;do Jaburu
407;deixar assessor;3937;Giles;7874;Dilma
408;deixarem entrar;9695;Niwton Carpes da Silva;7874;Dilma
409;deixou;271;Dilma;134;Palácio
410;deixou;24;Dilma Rousseff;202;Porto Alegre
411;deixou;1999;Dilma;134;Palácio
412;deixou;4394;Dilma Rousseff;134;Palácio
413;deixou;5680;Dilma Rousseff;202;Porto Alegre
414;deixou;11367;Dilma Rousseff;134;Palácio
415;deixou;1861;Dilma;134;Palácio
416;deliberar impeachment;18;Senado;24;Dilma
417;demonstra perseguição;556;Globo;4394;Dilma Rousseff
418;demonstrado modo;1237;BA;1999;Dilma
419;denunciaram presidente;1185;Hélio Bicudo;10305;Dilma Rousseff
420;depor procurador;4394;Dilma Rousseff;3;Ministério
421;derrubar;24;Dilma Rousseff.;9;Temer
422;desceu entrada;11367;Dilma;80;Congresso
423;descreveu;1155;Chile;24;Dilma
424;descumpriu;1999;Dilma;235;Lei Orçamentária
425;descumpriu;4394;Dilma;235;Lei Orçamentária
426;descumpriu;7874;Dilma;235;Lei Orçamentária
427;desistiu ouvir;10305;Dilma José Eduardo Cardozo;160;Esther
428;deslocou avião;1999;Dilma;838;FAB
429;desmentindo afirmações;135;Planalto;1999;Dilma Rousseff
430;desmentir delator;271;Dilma;4025;Otávio Azevedo
431;desocupar dias;1999;Dilma;134;Palácio
432;desocupar dias;4394;Dilma;134;Palácio
433;desocupar dias;7296;Dilma;134;Palácio
434;desocupar dias;7874;Dilma;134;Palácio
435;despediu;10305;Dilma;134;Palácio
436;desqualificar disse;1999;Dilma;1999;Dilma.
437;desrespeitam;4;presidente Dilma;235;Lei
438;desrespeitou;7874;Dilma;80;Congresso
439;destaca ascensão;4394;Dilma;1067;Michel Temer
440;destacam afastamento;6078;Insper.;7874;Dilma
441;destacou;2123;Tribunal Federal;10305;Dilma
442;destacou afastamento;8;RJ;1409;Dilma
443;destinada depoimento;75;Justiça José Eduardo Cardozo.;7874;Dilma
444;destinada depoimento;38;Lula;7874;Dilma
445;destinado grupo;629;Eixo Monumental;4394;Dilma
446;detalharam imprensa.;9;Temer;1290;Dilma
447;deu vice;1999;Dilma Rousseff;1067;Michel Temer
448;deve desocupar;5680;presidente Dilma Rousseff;134;Palácio
449;deveriam criar;1409;Dilma;1612;Sociedade
450;deverá comparecer;24;Dilma;18;Senado
451;deverá embarcar;4394;Dilma;202;Porto Alegre
452;deverá embarcar;5680;Dilma;202;Porto Alegre
453;devido impeachment;202;Porto Alegre;4394;Dilma Rousseff
454;dirigir;1290;Dilma;134;Palácio
455;discursava;1999;Dilma;18;Senado
456;discursava;4394;Dilma;18;Senado
457;discursavam;1999;Dilma.;12;plenário
458;discursavam;4394;Dilma.;12;plenário
459;discursou;5680;Dilma;5701;Salão Leste
460;discursou;6;Brasil;7296;Dilma Rousseff.
461;discutia;1409;Dilma;1409;Dilma
462;discutindo;202;Porto Alegre;1409;Dilma
463;discutir condutas;12568;Herman;10305;Dilma
464;disse;1498;Caribe;1409;Dilma
465;disse;1409;Dilma;59;PT
466;disse;15;Câmara;1999;Dilma
467;disse;2727;Silver;1999;Dilma.
468;disse;4394;Dilma Rousseff;1248;senador
469;disse;1025;Pasadena;4394;Dilma
470;disse;4394;Dilma;5366;Mônica
471;disse;167;PSDB Aécio Neves;4394;Dilma Rousseff
472;disse;5680;Dilma;6620;Ribeiro.
473;disse;3103;Aécio;5680;Dilma
474;disse;80;Congresso;5680;Dilma.
475;disse;7438;senador Vicentinho;5680;Dilma
476;disse;8252;senador;7874;Dilma
477;disse;9237;LGBT;7874;Dilma
478;disse afastamento;8713;Literatura Mario Vargas Llosa;7874;Dilma Rousseff
479;disse auditoria;7874;presidente Dilma Rousseff;4413;INSS
480;disse fala;1434;Lobão;7874;Dilma
481;disse ferraço;849;Excelência;4394;Dilma Rousseff
482;disse governo;939;Ana Amélia;24;Dilma
483;disse governo;1999;Dilma;1067;Michel Temer
484;disse governo;4536;Antonio Carlos;7874;Dilma
485;disse governo;18;Senado;10305;Dilma
486;disse grupo;1999;Dilma;9;Temer
487;disse operador;1999;Dilma Rousseff.;3959;Spinelli José Carlos Amado. Impeachment
488;disse operador;4394;Dilma Rousseff.;3959;Spinelli José Carlos Amado. Impeachment
489;disse saída;1745;Cardozo;1861;Dilma
490;disse supor;1022;Cerveró;5680;Dilma
491;dito;1745;Cardozo;5680;Dilma
492;dividindo;24;Dilma;476;Brasil
493;divulgada afirmando;1412;Cunha;10305;Dilma
494;diz;1409;Dilma;1022;Cerveró
495;diz;1999;Dilma;527;MEC
496;diz;1185;Hélio Bicudo;4394;Dilma
497;diz;5680;Dilma;1067;Michel Temer
498;diz;7874;Dilma;1412;Cunha
499;diz;7874;Dilma Roussef;8758;Lupi
500;diz;713;Venezuela;7874;Dilma Rousseff
501;diz decisão;4394;Dilma;1412;Cunha
502;diz decisão;10305;Dilma;1412;Cunha
503;dizendo aprovado;1409;Dilma;1025;Pasadena
504;dizia;18;Senado;24;Dilma
505;dizia;18;Senado;10224;Dilma
506;do;1409;Dilma Rousseff;134;Palácio
507;do;4;presidente Dilma Rousseff;134;Palácio
508;ecoou;10305;Dilma;6;Brasil.
509;elaborada juristas;4394;Dilma;73;Miguel Reale Júnior
510;eleita;14;República;1999;Dilma Rousseff
511;elevado afastamento;241;quórum;10305;Dilma
512;elevar tom;6294;Vanessa Grazziotin;5680;Dilma
513;em;24;Dilma;913;Goiânia
514;em;7874;Dilma Rousseff;5115;Belém
515;em;11367;Dilma Rousseff;202;Porto Alegre
516;empossada presidente;1999;presidente Dilma Rousseff;1100;Conselho Curador
517;empossado presidente;1999;Dilma Rousseff;14;República
518;empossar;7874;presidente Dilma Rousseff;3103;senador Aécio Neves
519;encerraram trabalhos;4394;Dilma Rousseff;5313;Comissão
520;encontrará presidentes;559;Americana;7874;Dilma
521;encontrou provas;5300;Reale Jr;4394;Dilma
522;entrar política;24;Dilma Rousseff;0;Michel Temer
523;entrar temer;7874;Dilma;914;MST
524;entrega;24;Dilma Rousseff;38;Luiz Inácio Lula da Silva
525;entregou;10305;Dilma Rousseff;18;Senado
526;entregue;7874;presidente Dilma Rousseff;2123;Tribunal Superior
527;entrou;24;Dilma Rousseff;304;Tribunal Federal
528;entrou recurso;4;presidente Dilma Rousseff;304;Tribunal Federal
529;enviada governo;1009;CPMF;1999;Dilma
530;enviadas governo;27;PMDB;271;Dilma.
531;enviou;24;Dilma Rousseff;80;Congresso
532;enviou;1409;Dilma;80;Congresso
533;enviou;271;presidente Dilma Rousseff;2123;Tribunal Superior
534;enviou lei;5680;Dilma Rousseff;80;Congresso
535;enviou questionando;2913;Moro;271;Dilma
536;esclarece;1999;Presidenta Dilma Rousseff;1999;Presidenta Dilma Rousseff
537;escolhidas acusação;24;Dilma;24;Dilma
538;escolhido defesa;548;Luiz Gonzaga Belluzzo;1999;Dilma Rousseff.
539;escolhidos exercício;7874;Dilma Rousseff;7821;Michel Temer.
540;esperadas presenças;7874;Dilma;38;presidente Luiz Inácio Lula da Silva
541;esperado frente;7228;Marcelo Tavares;5680;Dilma.
542;esperava;1999;Dilma;134;Palácio
543;esperavam;1469;presidente Lula;5680;Dilma
544;evitar interferência;7874;Dilma;211;STF
545;ex advocacia;271;Dilma Rousseff;272;União José Eduardo Cardozo
546;ex gabinete;3935;Acrônimo;1999;Dilma Rousseff
547;ex governo;1469;presidente Lula;10305;Dilma José Eduardo Cardozo
548;ex ministro;1999;Dilma;75;Justiça José Eduardo Cardozo
549;ex ministro;3574;Fernando Pimentel;1999;Dilma
550;ex ministro;4173;Ricardo Berzoini;271;Dilma Rousseff.
551;ex ministro;271;Dilma;75;Justiça José Eduardo Cardozo
552;ex ministro;4394;Dilma Rousseff;42;Justiça
553;ex ministro;1458;Eduardo Braga;5680;Dilma
554;ex ministro;5680;Dilma Rousseff;7593;AGU José Eduardo Cardozo
555;ex ministro;10305;Dilma;75;Justiça José Eduardo Cardozo
556;ex ministro;4173;Ricardo Berzoini;10305;Dilma Rousseff
557;ex ministros;1434;Edison Lobão;1409;Dilma
558;ex ministros;4394;Dilma;2271;Antônio Palocci
559;ex ministros;63;presidente Fernando Collor;4394;Dilma
560;ex ministros;2913;Moro;4394;Dilma
561;ex ministros;38;presidente Luiz Inácio Lula da Silva;5680;Dilma
562;ex ministros;9944;Dilma;75;José Eduardo Cardozo
563;ex ministros;2076;Rodrigo Janot;10224;Dilma
564;ex ministros;917;Paraná;9944;Dilma
565;ex ministros;10305;Dilma;10653;Ricardo Berzoíni
566;ex ministros;11367;Dilma;3442;Jaques Wagner
567;ex ministros;10305;Dilma;3442;Jaques Wagner
568;ex petista;7874;Dilma;1458;Eduardo Braga
569;ex presidente;24;Dilma;1357;Uruguai
570;ex presidente;1409;Dilma;14;República
571;ex presidente;1861;Dilma;3362;República
572;ex presidente;6514;Senado;3362;República Dilma Rousseff
573;ex presidentes;59;PT;24;Dilma Rousseff
574;ex presidentes;7296;Dilma Rousseff;38;Luiz Inácio Lula da Silva
575;ex secretário;1999;Dilma;3;Ministério
576;ex secretário;10305;Dilma;1878;Política
577;excluir defesa;4394;Dilma Rousseff;4394;Dilma.
578;excluiu denúncia;15;Câmara Eduardo Cunha;4394;Dilma
579;exercida senador;10305;Dilma Rousseff;1381;José Pimentel
580;exigidos lei;1999;Dilma;72;Constituição
581;exigidos lei;4394;Dilma;72;Constituição
582;exonerou exceção;4394;Dilma;3541;Tombini.
583;exonerou exceção;7874;Dilma;3541;Tombini.
584;expedido ofício;271;Dilma Rousseff;3;Ministério
585;explica ministro;10305;Dilma;109;Ricardo Lewandowski
586;falar convite;24;Dilma;24;Dilma
587;falou;1022;Cerveró;1409;Dilma
588;falou;1999;Dilma;2756;Brasil
589;falou advogado;3362;República;5680;Dilma Rousseff.
590;falou apoio;207;PCdoB;7874;Dilma Rousseff
591;falou destituição;741;El Pais;24;Dilma Rousseff
592;falou projeto;7874;Dilma;10010;Sirius
593;falou traição;1206;Magno Malta;24;Dilma
594;fará oposição;1409;Dilma;9;Temer.
595;fará oposição;1861;Dilma;9;Temer.
596;fazem manifestação;4394;Dilma Rousseff;1539;Universidade Federal
597;fazer;7874;Dilma;6;Brasil
598;fazer fotografias;5680;Dilma Rousseff;38;presidente Luiz Inácio Lula da Silva
599;fazer governo;1412;Cunha;10224;Dilma.
600;fazer perguntas;211;STF;1999;Dilma
601;fazer perguntas;211;STF;4394;Dilma
602;fazer perguntas;211;STF;1290;Dilma
603;fazer questionamentos;24;Dilma;365;Oliveira.
604;fazer questionamentos;75;Justiça José Eduardo Cardozo;1290;Dilma
605;fazer questionamentos;75;Justiça José Eduardo Cardozo;5680;Dilma
606;faça discurso;5680;Dilma Rousseff;18;Senado
607;fecharam entrada;1861;Dilma.;134;Palácio
608;fechavam pontes;4394;Dilma Roussef;5162;Colombo Salles
609;fechou;4394;Dilma Rousseff;4099;Avenida Paulista
610;fechou;7874;Dilma;4099;Avenida Paulista
611;feitas aliados;240;PE;5680;Dilma Rousseff
612;feitas aliados;240;PE;7874;Dilma Rousseff
613;feitas presidente;24;Dilma Rousseff;1111;Transpetro Sérgio Machado
614;feitas presidente;24;Dilma;1391;Transpetro
615;feitas presidente;5680;Dilma Rousseff;1111;Transpetro Sérgio Machado
616;feitas presidente;7874;Dilma;1391;TranspetroSérgio Machado
617;feitas presidente;10305;Dilma;1391;TranspetroSérgio Machado
618;feito;80;Congresso;1409;Dilma
619;feito;4394;Dilma;1718;Moura
620;feito;5680;Dilma;7329;Muniz
621;feito gestão;519;Educação;4;presidente Dilma Rousseff
622;feriu;1157;Excelência Dilma Rousseff;72;Constituição
623;fez críticas;10305;Dilma;250;Programa Escola
624;fez pergunta;382;Kátia Abreu;5680;Dilma
625;fez pronunciamento;4394;Dilma;135;Planalto
626;fica cúpula;24;Dilma;18;Senado
627;fica cúpula;1999;Dilma;18;Senado
628;fica cúpula;4394;Dilma;18;Senado
629;fica cúpula;4;Dilma;18;Senado
630;ficar presidente;24;Dilma Rousseff;36;Tribunal Federal
631;ficará cúpula;24;Dilma;18;Senado
632;fico;2781;Ta;1999;Dilma
633;filmado rotina;4224;Oscar;7874;Dilma
634;firmar negócio;4394;Dilma Rousseff;5826;Dassault
635;fizemos governo;59;PT;271;Dilma
636;fizesse oposição;4964;PTB;9944;Dilma
637;foi;5680;Dilma;3103;Aécio Neves
638;frear operação;4394;Dilma;101;Lava Jato
639;ganhou tom;1999;Dilma;3916;anedotário
640;garantida decisão;1409;presidente Dilma Rousseff;18;Senado
641;gerenciado assessor;271;Dilma;3937;Giles Azevedo
642;gerou repercussão;9944;Dilma;10537;noticiário
643;gosta;1964;Dutra;1409;Dilma
644;gravada juiz;5680;Dilma;1216;Sérgio Moro
645;gravadas presidente;24;Dilma Rousseff;1111;Transpetro Sérgio Machado
646;ia falar;27;PMDB;5680;Dilma
647;impeachment volta;1999;Dilma;211;STF
648;impedir testemunhas.;10305;Dilma;12842;Levantamento
649;impediram apoiadores;8978;Brigada Militar;7874;Dilma
650;imputados denúncia;73;Miguel Reale Júnior;4394;Dilma
651;imputados presidente;5680;Dilma;6220;Encaminhamento
652;imputados presidente;7874;Dilma;6220;Encaminhamento
653;imputar responsabilidade;235;Lei;1999;Dilma.
654;imputar responsabilidade;1745;Cardozo;7874;Dilma Rousseff
655;impôs;18;Senado;1999;Dilma Rousseff
656;impôs derrotas;1412;Cunha;5680;Dilma
657;indicado nome;10305;Dilma;1022;Cerveró
658;indo lula;1999;Dilma;2781;Ta
659;informado;24;Dilma Rousseff;492;PRF
660;informando;9;Temer;4;Dilma
661;informou;18;Senado;24;Dilma
662;informou;5680;Dilma Rousseff;586;Secretaria
663;informou;18;Senado;10224;Dilma
664;informou imprensa;7874;Dilma Rousseff;2123;Tribunal.
665;informou jornal;1999;Dilma;556;Globo
666;informou presidente;26;Renan Calheiros;4394;Dilma
667;ingressou ação;24;Dilma Rousseff;42;Justiça Federal
668;ingressou chapelaria;10305;Dilma;80;Congresso
669;insistir impeachment;10305;Dilma.;10305;Dilma
670;integrar ministério;11367;Dilma;101;Temer. Lava Jato
671;interdita ruas;24;Dilma Rousseff;755;Centro
672;interditaram estradas;24;Dilma;917;Pará
673;interferir liderança;10224;Dilma;27;PMDB
674;intimada ministro;11367;Dilma Rousseff;109;Ricardo Lewandowski
675;intimado presidente;573;Alves;24;Dilma Rousseff
676;investigado lava;7874;Dilma Rousseff;39;Jato.
677;investigar suspeitas;1999;Dilma;59;PT
678;ir;10305;Dilma Rousseff;18;Senado
679;ir plenário;7874;Dilma Rousseff;18;Senado
680;iria cerimônia;24;Dilma;120;Rio
681;iria expor;1409;Dilma;1471;Judas
682;irá expor;7874;Dilma;1471;Judas
683;jantou;6;Brasília;5680;Dilma
684;julgada plenário;4394;Dilma;21;Casa.
685;julgada plenário;5680;Dilma Rousseff;18;Senado
686;julgada plenário;10305;Dilma;21;Casa.
687;julgar;18;Senado;24;Dilma
688;julgar;18;Senado;1999;Dilma
689;julgar;21;Casa;4394;Dilma.
690;julgar;18;Senado;7874;Dilma.
691;julgar presidente;492;PR;7296;Dilma.
692;julgar presidente;7874;Dilma;9517;Dolo
693;juntaram frente;7874;Dilma;134;Palácio
694;justificar afastamento;10677;Unidas.;10305;Dilma
695;lamentou;2752;Dilma;320;Twitter
696;lançado governo;253;PIL;10305;Dilma.
697;lembrou;1745;Cardozo;5680;Dilma
698;levada julgamento;1999;Dilma Rousseff;21;Casa
699;levada julgamento;1999;Dilma;18;Senado.
700;levada julgamento;4394;Dilma Rousseff;18;Senado
701;levada julgamento;4394;Dilma Rousseff;21;Casa
702;levada julgamento;5680;Dilma;21;Casa.
703;levada julgamento;7874;Dilma;18;Senado.
704;levada presidente;24;Dilma Rousseff;304;Tribunal Federal
705;levando prática;24;Dilma;917;Parlamento
706;levou;24;Dilma;476;Brasil
707;liberar autorização;24;Dilma Rousseff;80;Congresso
708;liberar autorização;1999;Dilma;80;Congresso
709;liberar autorização;5680;Dilma Rousseff;80;Congresso
710;liberar autorização;7874;Dilma Rousseff;80;Congresso
711;libertar lava;5680;Dilma;39;Jato.
712;limitou acesso;699;Camarotti;271;Dilma
713;líder bancada;10224;Dilma Rousseff;27;PMDB
714;manifestar plenário;7296;Dilma;18;Senado
715;manifestou afastamento;565;Evo Morales;24;Dilma
716;manter direito;18;Senado;4394;presidente Dilma Rousseff
717;manter direito;4964;PT;10305;Dilma Rousseff
718;manter elegibilidade;135;Planalto;24;Dilma
719;manter permissão;18;Senado;4394;Dilma
720;manteve;7874;Dilma Rousseff;417;Esplanada
721;manteve;18;Senado;10305;Dilma
722;manteve amizade;1999;Presidenta Dilma Rousseff;1016;diretor
723;mantém carinho;26;Renan Calheiros;4394;Dilma
724;marcar viagem;5680;Dilma Rousseff;7047;Japão
725;mencionou ações;4394;Dilma;167;PSDB
726;mencionou ações;5680;Dilma;167;PSDB.
727;mencionou presidente;1409;Dilma;14;República Michel Temer
728;mencionou presidente;1861;Dilma;1067;República Michel Temer
729;montar estruturas;10224;Dilma Rousseff;391;Teatro
730;mora. ficarei;1861;Dilma Jane;6;Brasília
731;mostrado tranquila.;24;Dilma;24;Dilma
732;mostrou;556;Globo;1290;Dilma
733;motivou protestos;7874;Dilma Rousseff;223;São Paulo
734;movida imprensa;1088;estratégia;4394;Dilma Rousseff.
735;na;1409;Dilma Rousseff;15;Câmara
736;na;1999;Dilma;15;Câmara
737;na;4394;Dilma;15;Câmara
738;na;5680;Dilma;6643;Ditadura
739;na;5680;Dilma;15;Câmara
740;na;7874;Dilma;15;Câmara
741;na;7874;Dilma;21;Casa
742;na;10305;Dilma Rousseff;15;Câmara
743;nasceu;10305;Dilma;2106;Belo Horizonte
744;negada defesas;813;Petrobras;1290;Dilma
745;negociaram;271;Dilma;59;PT
746;no;24;Dilma;18;Senado
747;no;669;DILMA ROUSSEFF;1281;SENADO
748;no;1999;Dilma Rousseff;18;Senado
749;no;2752;Dilma;134;Palácio
750;no;2814;DILMA ROUSSEFF;1281;SENADO
751;no;271;Dilma;18;Senado
752;no;4394;Dilma;508;início
753;no;4394;Dilma;1401;Facebook
754;no;4394;Dilma Rousseff;80;Congresso
755;no;4394;Dilma Rousseff;18;Senado
756;no;1290;Dilma Rousseff;18;Senado
757;no;4394;Dilma;12;plenário
758;no;5680;Dilma;18;Senado
759;no;5680;Dilma;6514;Senado
760;no;5680;Dilma Rousseff;80;Congresso
761;no;5680;Dilma;1401;Facebook
762;no;5680;Dilma;134;Palácio
763;no;7874;Dilma Rousseff;18;Senado
764;no;7874;Dilma;535;Plano Safra
765;no;7874;Dilma Rousseff;134;Palácio
766;no;7874;Dilma;320;Twitter.
767;no;9944;Dilma;18;Senado
768;no;10305;Dilma;297;Alvorada.
769;no;10305;Dilma;18;Senado
770;no;10305;Dilma Rousseff;134;Palácio
771;no;10305;Dilma Rousseff;80;Congresso
772;no;4;presidente Dilma Rousseff;2123;Tribunal
773;no;11367;Dilma Rousseff;18;Senado
774;nomeado ministro;9944;Dilma;1437;Minas
775;nomearia;9944;Dilma;38;Lula
776;nomearia;10305;Dilma;38;Lula
777;notificada decisão;1999;Dilma;18;Senado
778;ocorrendo presidente;1663;PSC;1409;Dilma
779;ocorreu;24;Dilma;15;Câmara
780;ocorreu;1999;Dilma;15;Câmara
781;ocorreu;4394;Dilma;15;Câmara
782;ocorreu;4;Dilma;15;Câmara
783;ocorreu;10305;Dilma;15;Câmara
784;ocorreu impeachment;1412;Cunha;4;Dilma.
785;ocupar cargos;1409;Dilma;211;STF
786;ocupar cargos;4;Dilma;26;Renan Calheiros
787;ocupou cadeira;9;Temer;1999;Dilma Rousseff
788;organizaram ato;4394;presidente Dilma Rousseff;2106;Belo Horizonte
789;orientava;5680;Dilma;1808;Caixa Econômica Federal
790;pagar imposto;1999;Dilma Rousseff;2533;alíquota
791;para;5635;Avião;1290;Dilma
792;para;2649;Curitiba;7874;Dilma Rousseff
793;parte família;299;gaúcha;1999;Dilma
794;participar atos;223;São Paulo;1999;Dilma
795;participar atos;223;São Paulo;4394;Dilma
796;participou governo;1012;ministro Nelson Barbosa;10305;Dilma.
797;partir impeachment;97;Presidência;10224;Dilma
798;passada impeachment;3362;República;271;Dilma Rousseff
799;passada lugar;97;Presidência;7874;Dilma Rousseff
800;passado crédito;4394;Dilma Rousseff.;55;MP
801;passar caso;261;Rodrigo Maia;10305;Dilma
802;passaram responsabilidade;1861;Dilma;59;PT.
803;passaram responsabilidade;5680;Dilma;4964;PT.
804;passou tarde;5680;Dilma;134;Palácio
805;patrocinou candidatura;5680;Dilma;82;Eduardo Cunha
806;pede;1861;Dilma;211;STF
807;pede presidente;11367;Dilma Rousseff;7821;Michel Temer
808;pedido afastamento;18;Senado;10305;Dilma Rousseff
809;pedido apoiadores;109;Ricardo Lewandowski;24;Dilma
810;pedido autorização;4394;Dilma;1584;déficit
811;pedido defesa;2123;Tribunal Superior;271;presidente Dilma Rousseff
812;pedido dispensa;1999;Dilma Rousseff;160;Esther Dweck
813;pedido impeachment;651;Janaina Paschoal;24;presidente Dilma Rousseff
814;pedido impeachment;4964;PT;4394;Dilma Rousseff
815;pedido impeachment;171;Janaína Paschoal;5680;Dilma.
816;pedido mandato;651;Janaina;1409;Dilma
817;pedido petista;10305;Dilma Rousseff;75;ministro José Eduardo Cardozo
818;pedido presidente;651;Janaina Paschoal;1999;Dilma Rousseff.
819;pedido presidente;73;Miguel Reale Júnior;4394;Dilma Rousseff
820;pedindo;211;STF;10224;Dilma
821;pedir afastamento;6;Brasília;4394;Dilma Rousseff
822;pedir impeachment;4451;Indio;4394;Dilma
823;pediu;14;República;1999;Dilma
824;pediu;1463;PR;1999;Dilma
825;pediu;271;Dilma;211;STF
826;pediu advogado;1745;Cardozo;1999;Dilma
827;pediu depoimento;7874;Dilma Rousseff;364;Júlio Marcelo
828;pediu parecer;5680;Dilma;4286;Procuradoria
829;pela;1999;Dilma Rousseff;21;Casa.
830;pela;4394;Dilma;15;Câmara
831;pelo;1999;Dilma Rousseff;18;Senado
832;pelo;4394;Dilma Rousseff;18;Senado
833;pelo;5680;Dilma;18;Senado.
834;pelo;7874;Dilma Rousseff;18;Senado
835;perde;7296;Dilma;7801;mandatoO plenário
836;perderá mandato;4394;Dilma;9;Temer
837;permanecer governo;271;Dilma.;1584;déficit
838;permaneceu;1861;Dilma;297;Alvorada
839;permitir;18;Senado;10305;Dilma Rousseff
840;placar votação;11367;Dilma Rousseff.;22;Maranhão
841;pode mudar;7874;Dilma;955;Paulo Paim
842;poderiam ajudar;211;STF;24;Dilma
843;por;838;FAB;1999;Dilma
844;posicionado favor;24;Dilma Rousseff;24;Dilma.
845;posicionado favor;766;Telmário Mota;271;Dilma Rousseff
846;posicionar impeachment;1363;Diretório;7874;Dilma Roussef
847;posicionou impeachment;1418;Mauricio Macri;1409;Dilma Rousseff
848;posicionou impeachment;4462;Macri;4394;Dilma
849;posicionou impeachment;1418;Mauricio Macri;7874;Dilma Rousseff
850;possamos apresentar;7874;Dilma Rousseff;6;Brasil
851;possui apartamento;11367;Dilma Rousseff;119;Zona Sul
852;possui bairro;7874;Dilma Rousseff;450;Tristeza
853;postar mensagens;4455;Lucas Valença;4394;presidente Dilma Rousseff
854;postar mensagens;4455;Lucas Valença;5680;presidente Dilma Rousseff
855;precisaria apoio;4394;Dilma;27;PMDB
856;precisaria apoio;11367;Dilma;27;PMDB
857;precisaria apoio;10305;Dilma;27;PMDB
858;precisava autorização;24;Dilma;80;Congresso
859;preferida presidente;55;MPF;4394;Dilma Rousseff
860;preocupado ação;271;Dilma;314;TSE
861;prepara julgar;18;Senado;1999;Dilma Roussef
862;prepara julgar;657;Corte;7874;Dilma Rousseff
863;preservar direitos;18;Senado;4394;presidente Dilma Rousseff
864;prestado campanha;101;Lava Jato;7874;Dilma
865;prestando plenário;1999;Dilma;18;Senado
866;prestar apoio;6;Brasília;5680;Dilma
867;prestar operação;4394;Dilma Rousseff;101;Lava Jato
868;pretende comparecer;4394;Dilma;18;Senado
869;pretende defesa;2123;Tribunal Federal;7874;Dilma.
870;pretende mudar;1409;Dilma;202;Porto Alegre
871;pretende mudar;1861;Dilma;202;Porto Alegre
872;prever julgamento;28;AL;7296;Dilma
873;prevista semana;241;quórum;24;Dilma Rousseff
874;previsto;1409;Dilma;72;Constituição
875;previsto;4394;Dilma Rousseff;72;Constituição
876;previsto;7874;Dilma;72;Constituição
877;previsto;4;Dilma;72;Constituição
878;previsto depoimento;80;Congresso Nacional.;4;Dilma
879;previsto governo;2959;Moreira Franco;4394;Dilma
880;prevê;510;Lewandowski;7296;Dilma
881;privilegiado presidenta;4394;Dilma Rousseff;3362;República
882;procurou defesa;10778;G1;10305;Dilma Rousseff
883;procurou imprensa;7972;G1;7874;Dilma
884;proferida plenário;851;Presidente Dilma;15;Câmara
885;prometem recorrer;24;Dilma;211;STF. Acompanhe
886;pronunciam afastamento;82;Eduardo Cunha;1999;Dilma Rousseff
887;pronunciar decisão;7874;Dilma Rousseff;18;Senado
888;pronunciasse;1999;Dilma;510;Lewandowski
889;pronunciasse;7874;Dilma;510;Lewandowski
890;propondo contribuição;271;Dilma Rousseff;2238;Movimentação Financeira
891;propôs;7874;Dilma;80;Congresso
892;protestar frente;7874;Dilma Rousseff;134;Palácio
893;protestar frente;11367;Dilma Rousseff;134;Palácio
894;protestar impeachment;80;Congresso;4394;Dilma
895;protestar impeachment;4277;Paraná;7874;Dilma Rousseff
896;protestaram impeachment;90;Gramado;24;Dilma Rousseff
897;protestavam;11367;Dilma Rousseff;4099;Avenida Paulista
898;protestou;5680;Dilma;4398;Planaltina
899;protocolado ação;24;Dilma;211;STF
900;protocolado juristas;7874;Dilma;5300;Miguel Reale Jr
901;protocolou;1999;Dilma Rousseff;134;Palácio
902;provocou;4394;Dilma Rousseff;4745;desequilíbio
903;publicada revista;271;presidente Dilma Rousseff;3927;Época
904;publicadas afastamento;1007;Vida;4394;Dilma Rousseff
905;publicadas edição;24;Dilma;1072;Diário
906;publicado;7874;Dilma Rousseff;1401;Facebook
907;publicou solidariedade;565;Evo Morales;1999;Dilma
908;quando;180;Fazenda;7874;Dilma Rousseff
909;queixou fato;1022;Cerveró;10305;Dilma
910;queria autorização;271;Dilma;1584;déficit
911;queria vingar;82;Eduardo Cunha;7874;Dilma Rousseff
912;querida.;21;Casa Civil. Dilma;1999;Dilma
913;questionada defesa;365;Oliveira;7874;Dilma
914;questionado perícia;1290;Dilma;314;TSE
915;questionar;1290;Dilma;1290;Dilma
916;questionar;168;MG;5680;Dilma
917;questionar julgamento;1999;Dilma.;3346;Requião
918;questionar julgamento;7874;Dilma.;3346;Requião
919;questionarem defesa;7821;Michel Temer;7874;Dilma Rousseff.
920;questionavam denúncia;18;Senado.;4394;Dilma
921;quitarem dívida;7874;Dilma;272;União
922;rasgar;1999;Dilma;72;Constituição
923;reafirma inocência;7821;Michel Temer;7874;Dilma
924;realizado;1999;Dilma;18;Senado
925;realizou apoio;386;Mesmo;10305;Dilma
926;reassume;4394;Dilma Rousseff;97;Presidência
927;reassume;5680;Dilma Rousseff;97;Presidência
928;reassume;10305;Dilma Rousseff;97;Presidência
929;reassume presidência;1999;Dilma;14;República
930;reassumirá;24;Dilma;97;Presidência
931;reassumirá;1999;Dilma;97;Presidência
932;reassumirá;1290;Dilma;97;Presidência
933;reassumirá;11367;Dilma;97;Presidência
934;rebateu fala;1461;SP;1999;Dilma
935;recebia parlamentares;1999;Dilma;134;Palácio
936;recebia parlamentares;4394;Dilma;134;Palácio
937;recebiam propina;5680;Dilma Rousseff;813;Petrobras
938;recomenda julgamento;168;MG;4394;Dilma
939;recomendar contas;464;TCU;7874;Dilma
940;reconhecidos autoria;656;Paschoal;4394;Dilma
941;recorreu;4;presidente Dilma;2123;Tribunal Federal
942;recuperar dinheiro.;4;presidente Dilma Rousseff;527;MEC
943;referindo impeachment;80;Congresso;1999;Dilma
944;refletir temer;10305;Dilma;80;Congresso
945;reforçam defesa;8856;Ivan Marx;7874;Dilma
946;rejeitaram inabilitação;3362;República;7296;Dilma
947;rejeite ação;657;Corte;1999;presidente Dilma Rousseff
948;relacionado pedaladas;7874;Dilma;535;Plano Safra
949;relacionados atuação;1067;Michel Temer;1409;Dilma Rousseff
950;relacionados operação;7874;Dilma Rousseff;101;Lava Jato
951;relatou conversado;382;Kátia Abreu.;24;Dilma
952;remove incerteza;4394;Dilma Rousseff;3580;Brasil
953;repasse recursos;1409;Dilma Rousseff;1808;Caixa
954;repetiu considera;11048;Oliveira.;11367;Dilma
955;representa situação;1999;Dilma;9;Temer
956;residem capital;24;Dilma;299;gaúcha
957;residem capital;1999;Dilma;299;gaúcha
958;residem capital;7296;Dilma;299;gaúcha
959;residem capital;10224;Dilma;299;gaúcha
960;responder questão;24;Dilma Rousseff;523;Fátima Bezerra
961;respondesse;5680;Dilma;510;Lewandowski
962;ressaltando;1745;Cardozo;7874;Dilma
963;resta julgamento;5680;Dilma;12;plenário Senado.
964;restringir avião;2220;Avila;1290;Dilma Rousseff
965;retornar;1999;Dilma;202;Porto Alegre
966;retornar;4394;Dilma;202;Porto Alegre
967;retornar;5680;Dilma;202;Porto Alegre
968;retornar;1861;Dilma;202;Porto Alegre
969;retornar almoço;80;Congresso;10305;Dilma
970;reuniram;4394;Dilma Rousseff;927;Praça
971;reuniram;5680;Dilma Rousseff;4099;Avenida Paulista
972;reuniram;5680;Dilma;3659;Esquina
973;reuniram noite;4394;Dilma Rousseff;755;Centro
974;reuniu;6;Brasília;10305;Dilma
975;reuniu;26;Renan;11367;Dilma
976;reuniu;8448;PA;10305;Dilma
977;reuniu frente;4;presidente Dilma Rousseff;134;Palácio
978;reuniu ministros;4394;Dilma Rousseff;3442;Jaques Wagner
979;reuniu pessoas;11367;Dilma Rousseff;11451;São Sebastião
980;revelou;3927;Época;7874;Dilma
981;reúne;24;Dilma Rousseff;927;Praça
982;rivalizam felicitações;1999;Dilma Rousseff;320;Twitter
983;saiu;4394;Dilma Rousseff;134;Palácio
984;salvar direitos;18;Senado;1999;Dilma
985;sancionada presidente;691;Hashtag;24;Dilma Rousseff
986;sancionada presidente;691;Hashtag;4394;Dilma Rousseff
987;saíram orla;4394;Dilma Rousseff;910;Maceió
988;seafaste presidente;18;Senado;7874;Dilma Rousseff
989;seguida advogado;73;Miguel Reale Júnior;24;Dilma
990;seguir plenário;1999;Dilma Rousseff;18;Senado
991;seguiu carro;1999;Dilma;119;Zona Sul
992;seguiu parecer;5680;Dilma Rousseff;4286;Procuradoria
993;seguiu passeata;5680;Dilma Rousseff;755;Centro
994;seguiu protesto;1999;Dilma;3659;Esquina
995;seguiu protesto;5680;Dilma;3659;Esquina
996;sem;5153;Chopp;4394;Dilma
997;separado situação;314;TSE;5680;Dilma
998;sobe direitos;806;China;1409;Dilma
999;sobre;1409;Dilma Rousseff;1487;Fidel Castro
1000;solicitado;5680;Dilma Rousseff;813;Petrobras
1001;soube respeitar;1409;Dilma;72;Constituição
1002;subir tribuna;4394;Dilma Rousseff disporão;18;Senado
1003;sugere debate;1999;Dilma Rousseff;15;Câmara
1004;suplementar autorização;24;Dilma;80;Congresso
1005;suplementar autorização;1999;Dilma;80;Congresso
1006;suplementar autorização;4394;Dilma;80;Congresso
1007;suplementar autorização;5680;Dilma;80;Congresso Nacional.
1008;suplementar autorização;7874;Dilma;80;Congresso Nacional.
1009;suplementar autorização;10305;Dilma;80;Congresso
1010;suplementar aval;5680;Dilma;80;Congresso
1011;suposta exclusão;4394;Dilma;27;PMDB
1012;suposta exclusão;11367;Dilma;27;PMDB
1013;suposta exclusão;10305;Dilma;27;PMDB
1014;suposta participação;1022;Cerveró;24;Dilma
1015;suspeitava;7874;Dilma;167;PSDB
1016;suspender decisão;271;presidente Dilma Rousseff;18;Senado
1017;suspender habilitação;211;STF;7874;presidente Dilma Rousseff
1018;tentou demonstrar;10305;presidente Dilma Rousseff;10852;Tamo
1019;tietado aliados;7475;Chico;5680;Dilma
1020;tirar;18;Senado;10305;Dilma Rousseff
1021;tomada impeachment;3376;Mendonça;1999;Dilma
1022;tomadas decisões;7874;Dilma;7821;Michel Temer
1023;tomar posse;10305;Dilma.;18;Senado
1024;tornaram articuladores;2481;CE;271;Dilma
1025;tornasse;24;Dilma;72;Constituição
1026;trabalhar presidente;10224;Dilma Rousseff.;26;Renan Calheiros
1027;transformar presidente;18;Senado;1409;Dilma Rousseff
1028;transformou metros;271;Dilma Rousseff;134;Palácio
1029;tratou;813;Petrobras;5680;Dilma Rousseff
1030;traz combater;7874;Dilma Rousseff;17;Aedes
1031;trazer morar;24;Dilma;6;Brasília
1032;tropeçou salão;10305;Dilma;18;Senado
1033;une lista;5680;Dilma;725;líderes
1034;usada antecessores;5598;El País;5680;Dilma
1035;usado beneficiar;10305;Dilma;4964;PT
1036;usado contas;314;TSE;1409;Dilma
1037;usar;24;Dilma;134;Palácio
1038;usar;10305;Dilma;134;Palácio
1039;usar aviões;7296;Dilma Rousseff;528;Força Aérea Brasileira
1040;usar impeachment;8;RJ;1999;Dilma Rousseff
1041;utilizadas governo;7652;BNDES;7874;Dilma
1042;vai;24;Dilma Rousseff;18;Senado
1043;vai;1999;Dilma Rousseff;18;Senado
1044;vai;10305;Dilma Rousseff;18;Senado
1045;vai decidir;18;Senado;24;Dilma Rousseff
1046;vai defender;1157;Dilma Rousseff;18;Senado
1047;vai defender;10305;Dilma;18;Senado
1048;vale deputado;7874;Dilma;82;Eduardo Cunha
1049;vamos combinar;1999;Dilma;2056;senador Anastasia
1050;veja;10305;Dilma Rousseff;78;íntegra
1051;ver caso;24;Dilma Rousseff;44;senador Eduardo Braga
1052;viabilizar candidatura;10305;Dilma;97;Presidência
1053;viajar capital;1861;Dilma;299;gaúcha
1054;viajou;1999;Dilma;1158;Cuba
1055;vice;24;Dilma;1067;presidente Michel Temer
1056;vice;1999;Dilma Rousseff;1067;presidente Michel Temer
1057;vice;4394;Dilma Rousseff;1067;presidente Michel Temer
1058;vice;10305;Dilma Rousseff;7821;presidente Michel Temer
1059;vice chapa;27;PMDB;7874;Dilma
1060;vice chapa;9;Temer;7874;Dilma Rousseff
1061;vice presidente;1409;Dilma;27;PMDB
1062;violou;24;Dilma;72;Constituição
1063;violou;4394;Dilma;235;Lei
1064;virou ré;10305;Dilma Rousseff;404;Anastasia
1065;visitou;1409;presidente Dilma Rousseff;725;líder
1066;visitou;413;Renan;7874;Dilma
1067;visitou filha;5680;Dilma;3655;Paula Rousseff Araújo
1068;vivem filha;299;gaúcha;1861;Dilma
1069;voltar patamar;271;Dilma Rousseff.;1104;dólar
1070;voltaram afirmar;73;Miguel Reale Júnior;1999;Dilma
1071;voltaram afirmar;73;Miguel Reale Júnior;10224;Dilma
1072;voltaria presidência;271;Dilma Rousseff;3362;República
1073;volte comandar;24;Dilma;135;Planalto.
1074;votado favor;2825;Roraima;1999;Dilma.
1075;votado impeachment;27;PMDB;7874;Dilma Rousseff
1076;votar afastamento;1463;PR;7874;Dilma.
1077;votar destituição;4620;Braga;9944;Dilma
1078;votar impeachment;18;Senado;11367;Dilma Rousseff
1079;votar presidente;1067;Michel Temer;1409;Dilma Rousseff
1080;votar relatório;5680;Dilma;404;Anastasia
1081;votar relatório;7874;Dilma;404;Anastasia
1082;votar sessão;9944;Dilma;6438;Armando Monteiro Neto
1083;votaram afastamento;26;Renan Calheiros;5680;Dilma.
1084;votaram impeachment;558;Sul;24;Dilma Rousseff
1085;votaram impeachment;1205;ES;24;Dilma Rousseff
1086;votou;7874;presidente Dilma Rousseff;202;Porto Alegre
1087;votou;10305;presidente Dilma Rousseff;202;Porto Alegre
1088;votou favor;26;senador Renan Calheiros;4;Dilma
1089;votou impeachment;1620;Alagoas;1999;Dilma Rousseff
1090;votou inabilitação;955;Paulo Paim;24;Dilma
1091;vá julgamento;5680;Dilma;21;Casa.
1092;–,;1999;Dilma;1248;senador
1093;’ afastamento;72;Constituição;4394;Dilma Rousseff
1094;”, afirmou;271;Dilma;2886;Lindbergh
1095;”, afirmou;1007;Vida;10305;Dilma.
1096;”, complementou;27;PMDB;24;Dilma
1097;”, criticou;4394;Dilma;6088;Dantas.
1098;”, disse;304;Tribunal Federal;1999;Dilma.
